Actual Plant 코드,Actual Plant 명,Ship-to party,Shipment Route,Region Code,광역도시,시군구
11R2,평택RDC,KP13124,KRD900,CCA,강원도,강릉시
11R2,평택RDC,KP13266,KRD980,CIA,강원도,원주시
11R2,평택RDC,2895,KRD9B0,CVA,강원도,철원군
11R2,평택RDC,3019216,KRD9B0,CVA,강원도,철원군
11R2,평택RDC,6416,KRD9B0,CVA,강원도,철원군
11R2,평택RDC,9808,KRD9B0,CVA,강원도,철원군
11R2,평택RDC,KH01308,KRD9B0,CVA,강원도,철원군
11R2,평택RDC,KP12452,KRD9B0,CVA,강원도,철원군
11R2,평택RDC,3000128,KRD800,HEA,경기도,가평군
11R2,평택RDC,8133,KRD800,HEA,경기도,가평군
11R2,평택RDC,KH08428,KRD800,HEA,경기도,가평군
11R2,평택RDC,KH10971,KRD800,HEA,경기도,가평군
11R2,평택RDC,KH11271,KRD800,HEA,경기도,가평군
11R2,평택RDC,KP11337,KRD800,HEA,경기도,가평군
11R2,평택RDC,KP13046,KRD800,HEA,경기도,가평군
11R2,평택RDC,KP13279,KRD800,HEA,경기도,가평군
11R2,평택RDC,10117,KRD810,FJA,경기도,고양시 덕양구
11R2,평택RDC,10310,KRD810,FJA,경기도,고양시 덕양구
11R2,평택RDC,10356,KRD810,FJA,경기도,고양시 덕양구
11R2,평택RDC,2577,KRD810,FJA,경기도,고양시 덕양구
11R2,평택RDC,345,KRD810,FJA,경기도,고양시 덕양구
11R2,평택RDC,3904,KRD810,FJA,경기도,고양시 덕양구
11R2,평택RDC,9547,KRD810,FJA,경기도,고양시 덕양구
11R2,평택RDC,KH03923,KRD810,FJA,경기도,고양시 덕양구
11R2,평택RDC,KH08187,KRD810,FJA,경기도,고양시 덕양구
11R2,평택RDC,KH08277,KRD810,FJA,경기도,고양시 덕양구
11R2,평택RDC,KH09446,KRD810,FJA,경기도,고양시 덕양구
11R2,평택RDC,KH11250,KRD810,FKA,경기도,고양시 덕양구
11R2,평택RDC,KP12177,KRD810,FJA,경기도,고양시 덕양구
11R2,평택RDC,KP12593,KRD810,FJA,경기도,고양시 덕양구
11R2,평택RDC,KP13052,KRD810,FJA,경기도,고양시 덕양구
11R2,평택RDC,KP13320,KRD810,FJA,경기도,고양시 덕양구
11R2,평택RDC,KP13629,KRD810,FJA,경기도,고양시 덕양구
11R2,평택RDC,KP13719,KRD810,FJA,경기도,고양시 덕양구
11R2,평택RDC,KP13805,KRD810,FJA,경기도,고양시 덕양구
11R2,평택RDC,10096,KRD811,FJA,경기도,고양시 일산동구
11R2,평택RDC,3013211,KRD811,FJA,경기도,고양시 일산동구
11R2,평택RDC,3018743,KRD811,FJA,경기도,고양시 일산동구
11R2,평택RDC,5942,KRD811,FJA,경기도,고양시 일산동구
11R2,평택RDC,8837,KRD811,FJA,경기도,고양시 일산동구
11R2,평택RDC,9874,KRD811,FJA,경기도,고양시 일산동구
11R2,평택RDC,KH01344,KRD811,FJA,경기도,고양시 일산동구
11R2,평택RDC,KH01432,KRD811,FJA,경기도,고양시 일산동구
11R2,평택RDC,KH04593,KRD811,FJA,경기도,고양시 일산동구
11R2,평택RDC,KH07913,KRD811,FJA,경기도,고양시 일산동구
11R2,평택RDC,KH08402,KRD811,FJA,경기도,고양시 일산동구
11R2,평택RDC,KH09777,KRD811,FJA,경기도,고양시 일산동구
11R2,평택RDC,KH09785,KRD811,FJA,경기도,고양시 일산동구
11R2,평택RDC,KH10142,KRD811,FJA,경기도,고양시 일산동구
11R2,평택RDC,KH10335,KRD811,FJA,경기도,고양시 일산동구
11R2,평택RDC,KH11249,KRD811,FJA,경기도,고양시 일산동구
11R2,평택RDC,KP11774,KRD811,FJA,경기도,고양시 일산동구
11R2,평택RDC,KP11899,KRD811,FJA,경기도,고양시 일산동구
11R2,평택RDC,KP12702,KRD811,FJA,경기도,고양시 일산동구
11R2,평택RDC,KP12848,KRD811,FJA,경기도,고양시 일산동구
11R2,평택RDC,KP13468,KRD811,FJA,경기도,고양시 일산동구
11R2,평택RDC,KP13775,KRD811,FJA,경기도,고양시 일산동구
11R2,평택RDC,KP13790,KRD811,FJA,경기도,고양시 일산동구
11R2,평택RDC,3015897,KRD812,FJA,경기도,고양시 일산서구
11R2,평택RDC,316,KRD812,FJA,경기도,고양시 일산서구
11R2,평택RDC,7908,KRD812,FJA,경기도,고양시 일산서구
11R2,평택RDC,9416,KRD812,FJA,경기도,고양시 일산서구
11R2,평택RDC,KH01994,KRD812,FJA,경기도,고양시 일산서구
11R2,평택RDC,KH02649,KRD812,FJA,경기도,고양시 일산서구
11R2,평택RDC,KH05558,KRD812,FJA,경기도,고양시 일산서구
11R2,평택RDC,KH08719,KRD812,FJA,경기도,고양시 일산서구
11R2,평택RDC,KH09975,KRD812,FJA,경기도,고양시 일산서구
11R2,평택RDC,KH10358,KRD812,FJA,경기도,고양시 일산서구
11R2,평택RDC,KH10360,KRD812,FJA,경기도,고양시 일산서구
11R2,평택RDC,KH11204,KRD812,FJA,경기도,고양시 일산서구
11R2,평택RDC,KH11279,KRD812,FJA,경기도,고양시 일산서구
11R2,평택RDC,KH11374,KRD812,FJA,경기도,고양시 일산서구
11R2,평택RDC,KP11165,KRD812,FJA,경기도,고양시 일산서구
11R2,평택RDC,KP13075,KRD812,FJA,경기도,고양시 일산서구
11R2,평택RDC,KP13779,KRD812,FJA,경기도,고양시 일산서구
11R2,평택RDC,KP11349,KRD820,FUA,경기도,과천시
11R2,평택RDC,KP13166,KRD820,FUA,경기도,과천시
11R2,평택RDC,3020002,KRD830,FSA,경기도,광명시
11R2,평택RDC,5520,KRD830,FSA,경기도,광명시
11R2,평택RDC,5552,KRD830,FSA,경기도,광명시
11R2,평택RDC,8285,KRD830,FSA,경기도,광명시
11R2,평택RDC,8336,KRD830,FSA,경기도,광명시
11R2,평택RDC,KH01329,KRD830,FSA,경기도,광명시
11R2,평택RDC,KH02227,KRD830,FSA,경기도,광명시
11R2,평택RDC,KH11093,KRD830,FSA,경기도,광명시
11R2,평택RDC,KH11152,KRD830,FSA,경기도,광명시
11R2,평택RDC,KH11256,KRD830,FSA,경기도,광명시
11R2,평택RDC,KP11671,KRD830,FSA,경기도,광명시
11R2,평택RDC,KP11951,KRD830,FSA,경기도,광명시
11R2,평택RDC,3682,KRD840,GSA,경기도,광주시
11R2,평택RDC,4944,KRD840,GSA,경기도,광주시
11R2,평택RDC,522,KRD840,GSA,경기도,광주시
11R2,평택RDC,530,KRD840,GSA,경기도,광주시
11R2,평택RDC,5342,KRD840,GSA,경기도,광주시
11R2,평택RDC,6123,KRD840,GSA,경기도,광주시
11R2,평택RDC,7600,KRD840,GSA,경기도,광주시
11R2,평택RDC,7778,KRD840,GSA,경기도,광주시
11R2,평택RDC,9675,KRD840,GSA,경기도,광주시
11R2,평택RDC,KH00627,KRD840,GSA,경기도,광주시
11R2,평택RDC,KH02199,KRD840,GSA,경기도,광주시
11R2,평택RDC,KH08105,KRD840,GSA,경기도,광주시
11R2,평택RDC,KH09686,KRD840,GSA,경기도,광주시
11R2,평택RDC,KH10396,KRD840,GSA,경기도,광주시
11R2,평택RDC,KH10507,KRD840,GSA,경기도,광주시
11R2,평택RDC,KH10680,KRD840,GSA,경기도,광주시
11R2,평택RDC,KH11198,KRD840,GSA,경기도,광주시
11R2,평택RDC,KH11323,KRD840,GSA,경기도,광주시
11R2,평택RDC,KP11656,KRD840,GSA,경기도,광주시
11R2,평택RDC,KP12337,KRD840,GSA,경기도,광주시
11R2,평택RDC,KP12341,KRD840,GSA,경기도,광주시
11R2,평택RDC,KP12476,KRD840,GSA,경기도,광주시
11R2,평택RDC,KP12849,KRD840,GSA,경기도,광주시
11R2,평택RDC,KP13087,KRD840,GSA,경기도,광주시
11R2,평택RDC,KP13196,KRD840,GSA,경기도,광주시
11R2,평택RDC,KP13219,KRD840,GSA,경기도,광주시
11R2,평택RDC,KP13257,KRD840,GSA,경기도,광주시
11R2,평택RDC,KP13269,KRD840,GSA,경기도,광주시
11R2,평택RDC,KP13324,KRD840,GSA,경기도,광주시
11R2,평택RDC,167,KRD850,HAA,경기도,구리시
11R2,평택RDC,3020118,KRD850,HAA,경기도,구리시
11R2,평택RDC,9210,KRD850,HAA,경기도,구리시
11R2,평택RDC,KH09561,KRD850,HAA,경기도,구리시
11R2,평택RDC,KH10005,KRD850,HAA,경기도,구리시
11R2,평택RDC,KP12355,KRD850,HAA,경기도,구리시
11R2,평택RDC,KP13284,KRD850,HAA,경기도,구리시
11R2,평택RDC,KP13626,KRD850,HAA,경기도,구리시
11R2,평택RDC,KH07509,KRD860,GDA,경기도,군포시
11R2,평택RDC,KH09604,KRD860,GDA,경기도,군포시
11R2,평택RDC,KH10080,KRD860,GDA,경기도,군포시
11R2,평택RDC,KH11285,KRD860,GDA,경기도,군포시
11R2,평택RDC,KH11301,KRD860,GDA,경기도,군포시
11R2,평택RDC,KP13319,KRD860,GDA,경기도,군포시
11R2,평택RDC,10206,KRD870,FNA,경기도,김포시
11R2,평택RDC,3022067,KRD870,FNA,경기도,김포시
11R2,평택RDC,491,KRD870,FNA,경기도,김포시
11R2,평택RDC,7436,KRD870,FNA,경기도,김포시
11R2,평택RDC,9023,KRD870,FNA,경기도,김포시
11R2,평택RDC,9358,KRD870,FNA,경기도,김포시
11R2,평택RDC,KH00943,KRD870,FNA,경기도,김포시
11R2,평택RDC,KH06158,KRD870,FNA,경기도,김포시
11R2,평택RDC,KH09072,KRD870,FNA,경기도,김포시
11R2,평택RDC,KH09913,KRD870,FNA,경기도,김포시
11R2,평택RDC,KH10119,KRD870,FNA,경기도,김포시
11R2,평택RDC,KH10421,KRD870,FNA,경기도,김포시
11R2,평택RDC,KH10427,KRD870,FNA,경기도,김포시
11R2,평택RDC,KH10750,KRD870,FNA,경기도,김포시
11R2,평택RDC,KH10768,KRD870,FNA,경기도,김포시
11R2,평택RDC,KH10954,KRD870,FNA,경기도,김포시
11R2,평택RDC,KH11175,KRD870,FNA,경기도,김포시
11R2,평택RDC,KH11337,KRD870,FNA,경기도,김포시
11R2,평택RDC,KH11371,KRD870,FNA,경기도,김포시
11R2,평택RDC,KP11242,KRD870,FNA,경기도,김포시
11R2,평택RDC,KP12261,KRD870,FNA,경기도,김포시
11R2,평택RDC,KP12811,KRD870,FNA,경기도,김포시
11R2,평택RDC,KP12844,KRD870,FNA,경기도,김포시
11R2,평택RDC,KP12884,KRD870,FNA,경기도,김포시
11R2,평택RDC,KP13111,KRD870,FNA,경기도,김포시
11R2,평택RDC,KP13213,KRD870,FNA,경기도,김포시
11R2,평택RDC,KP13246,KRD870,FNA,경기도,김포시
11R2,평택RDC,KP13676,KRD870,FNA,경기도,김포시
11R2,평택RDC,10427,KRD880,HBA,경기도,남양주시
11R2,평택RDC,10428,KRD880,HBA,경기도,남양주시
11R2,평택RDC,10549,KRD880,HBA,경기도,남양주시
11R2,평택RDC,200,KRD880,HBA,경기도,남양주시
11R2,평택RDC,3004654,KRD880,HBA,경기도,남양주시
11R2,평택RDC,3019158,KRD880,HBA,경기도,남양주시
11R2,평택RDC,3019726,KRD880,HBA,경기도,남양주시
11R2,평택RDC,3019945,KRD880,HBA,경기도,남양주시
11R2,평택RDC,3020117,KRD880,HBA,경기도,남양주시
11R2,평택RDC,3022065,KRD880,HBA,경기도,남양주시
11R2,평택RDC,4680,KRD880,HBA,경기도,남양주시
11R2,평택RDC,4883,KRD880,HBA,경기도,남양주시
11R2,평택RDC,5097,KRD880,HBA,경기도,남양주시
11R2,평택RDC,6649,KRD880,HBA,경기도,남양주시
11R2,평택RDC,6713,KRD880,HBA,경기도,남양주시
11R2,평택RDC,7753,KRD880,HBA,경기도,남양주시
11R2,평택RDC,7888,KRD880,HBA,경기도,남양주시
11R2,평택RDC,9532,KRD880,HBA,경기도,남양주시
11R2,평택RDC,9782,KRD880,HBA,경기도,남양주시
11R2,평택RDC,9856,KRD880,HBA,경기도,남양주시
11R2,평택RDC,KH02177,KRD880,HBA,경기도,남양주시
11R2,평택RDC,KH02238,KRD880,HBA,경기도,남양주시
11R2,평택RDC,KH05645,KRD880,HBA,경기도,남양주시
11R2,평택RDC,KH06167,KRD880,HBA,경기도,남양주시
11R2,평택RDC,KH07280,KRD880,HBA,경기도,남양주시
11R2,평택RDC,KH08118,KRD880,HBA,경기도,남양주시
11R2,평택RDC,KH10058,KRD880,HBA,경기도,남양주시
11R2,평택RDC,KH10068,KRD880,HBA,경기도,남양주시
11R2,평택RDC,KH10525,KRD880,HBA,경기도,남양주시
11R2,평택RDC,KH11377,KRD880,HBA,경기도,남양주시
11R2,평택RDC,KP11207,KRD880,HBA,경기도,남양주시
11R2,평택RDC,KP11566,KRD880,HBA,경기도,남양주시
11R2,평택RDC,KP11864,KRD880,HBA,경기도,남양주시
11R2,평택RDC,KP11964,KRD880,HBA,경기도,남양주시
11R2,평택RDC,KP12138,KRD880,HBA,경기도,남양주시
11R2,평택RDC,KP12708,KRD880,HBA,경기도,남양주시
11R2,평택RDC,KP12836,KRD880,HBA,경기도,남양주시
11R2,평택RDC,KP13173,KRD880,HBA,경기도,남양주시
11R2,평택RDC,KP13624,KRD880,HBA,경기도,남양주시
11R2,평택RDC,KP13738,KRD880,HBA,경기도,남양주시
11R2,평택RDC,KP13762,KRD880,HBA,경기도,남양주시
11R2,평택RDC,KP13815,KRD880,HBA,경기도,남양주시
11R2,평택RDC,KP13827,KRD880,HBA,경기도,남양주시
11R2,평택RDC,KH08545,KRD890,HHA,경기도,동두천시
11R2,평택RDC,KP11962,KRD890,HHA,경기도,동두천시
11R2,평택RDC,KP12712,KRD890,HHA,경기도,동두천시
11R2,평택RDC,KP13101,KRD890,HHA,경기도,동두천시
11R2,평택RDC,3637,KRD8A0,FPA,경기도,부천시 소사구
11R2,평택RDC,KP11754,KRD8A0,FPA,경기도,부천시 소사구
11R2,평택RDC,KP13695,KRD8A0,FPA,경기도,부천시 소사구
11R2,평택RDC,KP13702,KRD8A0,FPA,경기도,부천시 소사구
11R2,평택RDC,3844,KRD8A0,FPA,경기도,부천시 오정구
11R2,평택RDC,7680,KRD8A0,FPA,경기도,부천시 오정구
11R2,평택RDC,KH11023,KRD8A0,FPA,경기도,부천시 오정구
11R2,평택RDC,3018354,KRD8A0,FPA,경기도,부천시 원미구
11R2,평택RDC,467,KRD8A0,FPA,경기도,부천시 원미구
11R2,평택RDC,4674,KRD8A0,FPA,경기도,부천시 원미구
11R2,평택RDC,670,KRD8A0,FPA,경기도,부천시 원미구
11R2,평택RDC,KH02061,KRD8A0,FPA,경기도,부천시 원미구
11R2,평택RDC,KH09562,KRD8A0,FPA,경기도,부천시 원미구
11R2,평택RDC,KP11673,KRD8A0,FPA,경기도,부천시 원미구
11R2,평택RDC,KP13228,KRD8A0,FPA,경기도,부천시 원미구
11R2,평택RDC,KP13415,KRD305,FPA,경기도,부천시 원미구
11R2,평택RDC,KP13428,KRD8A0,FPA,경기도,부천시 원미구
11R2,평택RDC,KP13690,KRD8A0,FPA,경기도,부천시 원미구
11R2,평택RDC,10554,KRD8B0,GRA,경기도,성남시 분당구
11R2,평택RDC,2516,KRD8B0,ALA,경기도,성남시 분당구
11R2,평택RDC,3001848,KRD8B0,GRA,경기도,성남시 분당구
11R2,평택RDC,3010879,KRD8B0,GRA,경기도,성남시 분당구
11R2,평택RDC,3018424,KRD8B0,GRA,경기도,성남시 분당구
11R2,평택RDC,3018827,KRD8B0,GRA,경기도,성남시 분당구
11R2,평택RDC,3020316,KRD8B0,GRA,경기도,성남시 분당구
11R2,평택RDC,510,KRD8B0,GRA,경기도,성남시 분당구
11R2,평택RDC,511,KRD8B0,GRA,경기도,성남시 분당구
11R2,평택RDC,5289,KRD8B0,GRA,경기도,성남시 분당구
11R2,평택RDC,KH07325,KRD8B0,GRA,경기도,성남시 분당구
11R2,평택RDC,KH08087,KRD8B0,GRA,경기도,성남시 분당구
11R2,평택RDC,KH08124,KRD8B0,GRA,경기도,성남시 분당구
11R2,평택RDC,KH08699,KRD8B0,GRA,경기도,성남시 분당구
11R2,평택RDC,KH09305,KRD8B0,GRA,경기도,성남시 분당구
11R2,평택RDC,KH09726,KRD8B0,GRA,경기도,성남시 분당구
11R2,평택RDC,KH11372,KRD8B0,GRA,경기도,성남시 분당구
11R2,평택RDC,KP11355,KRD8B0,GRA,경기도,성남시 분당구
11R2,평택RDC,KP13316,KRD8B0,GRA,경기도,성남시 분당구
11R2,평택RDC,KP13833,KRD8B0,GRA,경기도,성남시 분당구
11R2,평택RDC,3019211,KRD8B1,GRA,경기도,성남시 수정구
11R2,평택RDC,308,KRD8B1,GRA,경기도,성남시 수정구
11R2,평택RDC,5361,KRD8B1,GRA,경기도,성남시 수정구
11R2,평택RDC,KH02378,KRD8B1,GRA,경기도,성남시 수정구
11R2,평택RDC,KH09560,KRD8B1,GRA,경기도,성남시 수정구
11R2,평택RDC,KH09909,KRD8B1,GRA,경기도,성남시 수정구
11R2,평택RDC,KH09958,KRD8B1,GRA,경기도,성남시 수정구
11R2,평택RDC,KH10466,KRD8B1,GRA,경기도,성남시 수정구
11R2,평택RDC,KH10679,KRD8B1,GRA,경기도,성남시 수정구
11R2,평택RDC,KH10972,KRD8B1,GRA,경기도,성남시 수정구
11R2,평택RDC,KP12011,KRD8B1,GPA,경기도,성남시 수정구
11R2,평택RDC,KP13742,KRD8B1,GRA,경기도,성남시 수정구
11R2,평택RDC,KP13848,KRD8B1,GRA,경기도,성남시 수정구
11R2,평택RDC,521,KRD8B2,GRA,경기도,성남시 중원구
11R2,평택RDC,5398,KRD8B2,GRA,경기도,성남시 중원구
11R2,평택RDC,7816,KRD8B2,GRA,경기도,성남시 중원구
11R2,평택RDC,KH10336,KRD8B2,GRA,경기도,성남시 중원구
11R2,평택RDC,KH11016,KRD8B2,GRA,경기도,성남시 중원구
11R2,평택RDC,KP11326,KRD8B2,GRA,경기도,성남시 중원구
11R2,평택RDC,KP13256,KRD8B2,GRA,경기도,성남시 중원구
11R2,평택RDC,3002088,KRD8C0,GFA,경기도,수원시 권선구
11R2,평택RDC,599,KRD8C0,GFA,경기도,수원시 권선구
11R2,평택RDC,6357,KRD8C0,GFA,경기도,수원시 권선구
11R2,평택RDC,642,KRD8C0,GFA,경기도,수원시 권선구
11R2,평택RDC,7085,KRD8C0,GFA,경기도,수원시 권선구
11R2,평택RDC,7695,KRD8C0,GFA,경기도,수원시 권선구
11R2,평택RDC,KH00927,KRD8C0,GFA,경기도,수원시 권선구
11R2,평택RDC,KH07660,KRD8C0,GFA,경기도,수원시 권선구
11R2,평택RDC,KH10089,KRD8C0,GGA,경기도,수원시 권선구
11R2,평택RDC,KH10397,KRD8C0,GFA,경기도,수원시 권선구
11R2,평택RDC,KH10979,KRD8C0,GFA,경기도,수원시 권선구
11R2,평택RDC,KH11055,KRD8C0,GFA,경기도,수원시 권선구
11R2,평택RDC,KH11094,KRD8C0,GFA,경기도,수원시 권선구
11R2,평택RDC,KP11564,KRD8C0,GFA,경기도,수원시 권선구
11R2,평택RDC,KP11960,KRD8C0,GFA,경기도,수원시 권선구
11R2,평택RDC,KP12188,KRD8C0,GFA,경기도,수원시 권선구
11R2,평택RDC,KP12383,KRD8C0,GFA,경기도,수원시 권선구
11R2,평택RDC,KP12647,KRD8C0,GFA,경기도,수원시 권선구
11R2,평택RDC,KP12835,KRD8C0,GFA,경기도,수원시 권선구
11R2,평택RDC,KP12997,KRD8C0,GFA,경기도,수원시 권선구
11R2,평택RDC,KP13078,KRD8C0,GFA,경기도,수원시 권선구
11R2,평택RDC,KP13474,KRD8C0,GFA,경기도,수원시 권선구
11R2,평택RDC,KP13693,KRD8C0,GFA,경기도,수원시 권선구
11R2,평택RDC,KP13728,KRD8C0,GIA,경기도,수원시 권선구
11R2,평택RDC,KP13837,KRD8C0,GFA,경기도,수원시 권선구
11R2,평택RDC,KH10131,KRD8C1,GFA,경기도,수원시 영통구
11R2,평택RDC,KH10792,KRD8C1,GFA,경기도,수원시 영통구
11R2,평택RDC,KP12356,KRD8C1,GFA,경기도,수원시 영통구
11R2,평택RDC,KP13835,KRD8C1,GFA,경기도,수원시 영통구
11R2,평택RDC,2825,KRD8D0,GFA,경기도,수원시 장안구
11R2,평택RDC,4911,KRD8C2,GFA,경기도,수원시 장안구
11R2,평택RDC,616,KRD8C2,GFA,경기도,수원시 장안구
11R2,평택RDC,6853,KRD8C2,GFA,경기도,수원시 장안구
11R2,평택RDC,7696,KRD8C2,GFA,경기도,수원시 장안구
11R2,평택RDC,9604,KRD8C2,GFA,경기도,수원시 장안구
11R2,평택RDC,KP12211,KRD8C2,GFA,경기도,수원시 장안구
11R2,평택RDC,4751,KRD8C3,GFA,경기도,수원시 팔달구
11R2,평택RDC,8256,KRD8C3,GFA,경기도,수원시 팔달구
11R2,평택RDC,KH02220,KRD8C3,GFA,경기도,수원시 팔달구
11R2,평택RDC,KH07506,KRD8C3,GFA,경기도,수원시 팔달구
11R2,평택RDC,KH11062,KRD8C3,GFA,경기도,수원시 팔달구
11R2,평택RDC,KP11363,KRD8C3,GFA,경기도,수원시 팔달구
11R2,평택RDC,KP11600,KRD8C3,GFA,경기도,수원시 팔달구
11R2,평택RDC,KP13006,KRD8C3,GFA,경기도,수원시 팔달구
11R2,평택RDC,10360,KRD8D0,FVA,경기도,시흥시
11R2,평택RDC,10570,KRD8D0,FVA,경기도,시흥시
11R2,평택RDC,3004865,KRD8D0,FVA,경기도,시흥시
11R2,평택RDC,3017208,KRD8D0,FVA,경기도,시흥시
11R2,평택RDC,4236,KRD8D0,FVA,경기도,시흥시
11R2,평택RDC,477,KRD8D0,BBA,경기도,시흥시
11R2,평택RDC,6082,KRD8D0,FVA,경기도,시흥시
11R2,평택RDC,6845,KRD8D0,FVA,경기도,시흥시
11R2,평택RDC,8241,KRD8D0,FVA,경기도,시흥시
11R2,평택RDC,9356,KRD8D0,FVA,경기도,시흥시
11R2,평택RDC,KH06343,KRD8D0,FVA,경기도,시흥시
11R2,평택RDC,KH08775,KRD8D0,FVA,경기도,시흥시
11R2,평택RDC,KH08794,KRD8D0,FVA,경기도,시흥시
11R2,평택RDC,KH09310,KRD8D0,FVA,경기도,시흥시
11R2,평택RDC,KH09511,KRD8D0,FVA,경기도,시흥시
11R2,평택RDC,KH09596,KRD8D0,FVA,경기도,시흥시
11R2,평택RDC,KH10054,KRD8D0,FVA,경기도,시흥시
11R2,평택RDC,KH10239,KRD8D0,FVA,경기도,시흥시
11R2,평택RDC,KH10456,KRD8D0,FVA,경기도,시흥시
11R2,평택RDC,KH11054,KRD8D0,FVA,경기도,시흥시
11R2,평택RDC,KH11183,KRD8D0,FVA,경기도,시흥시
11R2,평택RDC,KH11270,KRD8D0,FVA,경기도,시흥시
11R2,평택RDC,KH11329,KRD8D0,FVA,경기도,시흥시
11R2,평택RDC,KH11335,KRD8D0,FVA,경기도,시흥시
11R2,평택RDC,KP11182,KRD8D0,FVA,경기도,시흥시
11R2,평택RDC,KP11357,KRD8D0,FVA,경기도,시흥시
11R2,평택RDC,KP11401,KRD8D0,FVA,경기도,시흥시
11R2,평택RDC,KP11655,KRD8D0,FVA,경기도,시흥시
11R2,평택RDC,KP12423,KRD8D0,FVA,경기도,시흥시
11R2,평택RDC,KP12435,KRD8D0,FVA,경기도,시흥시
11R2,평택RDC,KP12470,KRD8D0,FVA,경기도,시흥시
11R2,평택RDC,KP12671,KRD8D0,FVA,경기도,시흥시
11R2,평택RDC,KP12705,KRD8D0,FVA,경기도,시흥시
11R2,평택RDC,KP12883,KRD8D0,FVA,경기도,시흥시
11R2,평택RDC,KP13035,KRD8D0,FVA,경기도,시흥시
11R2,평택RDC,KP13224,KRD8D0,FVA,경기도,시흥시
11R2,평택RDC,KP13763,KRD8D0,FVA,경기도,시흥시
11R2,평택RDC,KP13816,KRD8D0,FVA,경기도,시흥시
11R2,평택RDC,KP13832,KRD8D0,FVA,경기도,시흥시
11R2,평택RDC,KP13846,KRD8D0,FVA,경기도,시흥시
11R2,평택RDC,10105,KRD8E0,FTA,경기도,안산시 단원구
11R2,평택RDC,10502,KRD8E0,FTA,경기도,안산시 단원구
11R2,평택RDC,5341,KRD8E0,FTA,경기도,안산시 단원구
11R2,평택RDC,6382,KRD8E0,FTA,경기도,안산시 단원구
11R2,평택RDC,702,KRD8E0,FTA,경기도,안산시 단원구
11R2,평택RDC,716,KRD8E0,FTA,경기도,안산시 단원구
11R2,평택RDC,7863,KRD8E0,FTA,경기도,안산시 단원구
11R2,평택RDC,9364,KRD8E0,FTA,경기도,안산시 단원구
11R2,평택RDC,9669,KRD8E0,FTA,경기도,안산시 단원구
11R2,평택RDC,KP11028,KRD8E0,FTA,경기도,안산시 단원구
11R2,평택RDC,KP11852,KRD8E0,FTA,경기도,안산시 단원구
11R2,평택RDC,KP13202,KRD8E0,FTA,경기도,안산시 단원구
11R2,평택RDC,KP13786,KRD8E0,FTA,경기도,안산시 단원구
11R2,평택RDC,KP13873,KRD8E0,FTA,경기도,안산시 단원구
11R2,평택RDC,5951,KRD8E1,FTA,경기도,안산시 상록구
11R2,평택RDC,6097,KRD8E1,FTA,경기도,안산시 상록구
11R2,평택RDC,727,KRD8E1,FTA,경기도,안산시 상록구
11R2,평택RDC,9883,KRD8E1,FTA,경기도,안산시 상록구
11R2,평택RDC,KH10051,KRD8E1,FTA,경기도,안산시 상록구
11R2,평택RDC,KP12677,KRD8E1,FTA,경기도,안산시 상록구
11R2,평택RDC,KP13079,KRD8E1,FTA,경기도,안산시 상록구
11R2,평택RDC,KP13092,KRD8E1,FTA,경기도,안산시 상록구
11R2,평택RDC,KP13280,KRD8E1,FTA,경기도,안산시 상록구
11R2,평택RDC,10512,KRD8F0,GNA,경기도,안성시
11R2,평택RDC,3009605,KRD8F0,GNA,경기도,안성시
11R2,평택RDC,6363,KRD8F0,GNA,경기도,안성시
11R2,평택RDC,6716,KRD8F0,GNA,경기도,안성시
11R2,평택RDC,7183,KRD8F0,GNA,경기도,안성시
11R2,평택RDC,7840,KRD8F0,EJA,경기도,안성시
11R2,평택RDC,8148,KRD8F0,GNA,경기도,안성시
11R2,평택RDC,9807,KRD8F0,GNA,경기도,안성시
11R2,평택RDC,KH02300,KRD8F0,GNA,경기도,안성시
11R2,평택RDC,KH09174,KKR143,GNA,경기도,안성시
11R2,평택RDC,KH10580,KRD8F0,GNA,경기도,안성시
11R2,평택RDC,KH10980,KRD8F0,GNA,경기도,안성시
11R2,평택RDC,KH11307,KRD8F0,GNA,경기도,안성시
11R2,평택RDC,KP11074,KRD8F0,GNA,경기도,안성시
11R2,평택RDC,KP11307,KRD8F0,GNA,경기도,안성시
11R2,평택RDC,KP13670,KRD8F0,GNA,경기도,안성시
11R2,평택RDC,KP13691,KRD8F0,GNA,경기도,안성시
11R2,평택RDC,10587,KRD8G0,GBA,경기도,안양시 동안구
11R2,평택RDC,5206,KRD8G0,GBA,경기도,안양시 동안구
11R2,평택RDC,701,KRD8G0,GBA,경기도,안양시 동안구
11R2,평택RDC,KH02231,KRD8G0,GBA,경기도,안양시 동안구
11R2,평택RDC,KH10809,KRD8G0,GBA,경기도,안양시 동안구
11R2,평택RDC,KH10902,KRD8G0,GBA,경기도,안양시 동안구
11R2,평택RDC,KH11082,KRD8G0,GBA,경기도,안양시 동안구
11R2,평택RDC,KP11147,KRD8G0,GBA,경기도,안양시 동안구
11R2,평택RDC,KP11676,KRD8G0,GBA,경기도,안양시 동안구
11R2,평택RDC,KP12932,KRD8G0,GBA,경기도,안양시 동안구
11R2,평택RDC,10241,KRD8G1,GBA,경기도,안양시 만안구
11R2,평택RDC,6098,KRD8G1,GBA,경기도,안양시 만안구
11R2,평택RDC,6457,KRD8G1,GBA,경기도,안양시 만안구
11R2,평택RDC,8103,KRD8G1,GBA,경기도,안양시 만안구
11R2,평택RDC,KH00354,KRD8G1,GBA,경기도,안양시 만안구
11R2,평택RDC,KP12639,KRD8G1,GBA,경기도,안양시 만안구
11R2,평택RDC,3020004,KRD8H0,HGA,경기도,양주시
11R2,평택RDC,3859,KRD8H0,HGA,경기도,양주시
11R2,평택RDC,4689,KRD8H0,HGA,경기도,양주시
11R2,평택RDC,6952,KRD8H0,HGA,경기도,양주시
11R2,평택RDC,7416,KRD8H0,HGA,경기도,양주시
11R2,평택RDC,8957,KRD8H0,HGA,경기도,양주시
11R2,평택RDC,9072,KRD8H0,HGA,경기도,양주시
11R2,평택RDC,9166,KRD8H0,HGA,경기도,양주시
11R2,평택RDC,KH02202,KRD8H0,HGA,경기도,양주시
11R2,평택RDC,KH09497,KRD8H0,HGA,경기도,양주시
11R2,평택RDC,KH10241,KRD8H0,HGA,경기도,양주시
11R2,평택RDC,KH10832,KRD8H0,HGA,경기도,양주시
11R2,평택RDC,KH11073,KRD8H0,HGA,경기도,양주시
11R2,평택RDC,KH11102,KRD8H0,HGA,경기도,양주시
11R2,평택RDC,KP11627,KRD8H0,HGA,경기도,양주시
11R2,평택RDC,KP12609,KRD8H0,HGA,경기도,양주시
11R2,평택RDC,KP13074,KRD8H0,HGA,경기도,양주시
11R2,평택RDC,KP13297,KRD8H0,HGA,경기도,양주시
11R2,평택RDC,KP13604,KRD8H0,HGA,경기도,양주시
11R2,평택RDC,KP13761,KRD8H0,HGA,경기도,양주시
11R2,평택RDC,8378,KRD8I0,HDA,경기도,양평군
11R2,평택RDC,KH02235,KRD8I0,HDA,경기도,양평군
11R2,평택RDC,KH09495,KRD8I0,HDA,경기도,양평군
11R2,평택RDC,KH10107,KRD8I0,HDA,경기도,양평군
11R2,평택RDC,KP13007,KRD8I0,HDA,경기도,양평군
11R2,평택RDC,KP13461,KRD8I0,HDA,경기도,양평군
11R2,평택RDC,4933,KRD8K0,HJA,경기도,연천군
11R2,평택RDC,8963,KRD8K0,HJA,경기도,연천군
11R2,평택RDC,KH02190,KRD8K0,HJA,경기도,연천군
11R2,평택RDC,KH11291,KRD8K0,HHA,경기도,연천군
11R2,평택RDC,KP11418,KRD8K0,HJA,경기도,연천군
11R2,평택RDC,3001159,KRD8L0,GJA,경기도,오산시
11R2,평택RDC,3015694,KRD8L0,GJA,경기도,오산시
11R2,평택RDC,6101,KRD8L0,GJA,경기도,오산시
11R2,평택RDC,627,KRD8L0,GJA,경기도,오산시
11R2,평택RDC,7814,KRD8L0,GJA,경기도,오산시
11R2,평택RDC,9365,KRD8L0,GJA,경기도,오산시
11R2,평택RDC,9651,KRD8L0,GJA,경기도,오산시
11R2,평택RDC,KH08003,KRD8L0,GJA,경기도,오산시
11R2,평택RDC,KH11068,KRD8L0,GJA,경기도,오산시
11R2,평택RDC,KH11083,KRD8L0,GJA,경기도,오산시
11R2,평택RDC,KH11177,KRD8L0,GJA,경기도,오산시
11R2,평택RDC,KP11051,KRD8L0,GJA,경기도,오산시
11R2,평택RDC,KP12187,KRD8L0,GJA,경기도,오산시
11R2,평택RDC,KP12382,KRD8L0,GJA,경기도,오산시
11R2,평택RDC,KP12989,KRD8L0,GJA,경기도,오산시
11R2,평택RDC,KP13692,KRD8L0,GJA,경기도,오산시
11R2,평택RDC,4701,KRD8M0,GKA,경기도,용인시 기흥구
11R2,평택RDC,8402,KRD8M0,GKA,경기도,용인시 기흥구
11R2,평택RDC,9369,KRD8M0,GKA,경기도,용인시 기흥구
11R2,평택RDC,KH01275,KRD8M0,GKA,경기도,용인시 기흥구
11R2,평택RDC,KH01433,KRD8M0,GKA,경기도,용인시 기흥구
11R2,평택RDC,KH02180,KRD8M0,GFA,경기도,용인시 기흥구
11R2,평택RDC,KH07504,KRD8M0,GKA,경기도,용인시 기흥구
11R2,평택RDC,KH08556,KRD8M0,GIA,경기도,용인시 기흥구
11R2,평택RDC,KH08776,KRD8M0,GKA,경기도,용인시 기흥구
11R2,평택RDC,KH10479,KRD8M0,GKA,경기도,용인시 기흥구
11R2,평택RDC,KH10810,KRD8M0,GKA,경기도,용인시 기흥구
11R2,평택RDC,KH10918,KRD8M0,GIA,경기도,용인시 기흥구
11R2,평택RDC,KH10962,KRD8M0,GKA,경기도,용인시 기흥구
11R2,평택RDC,KH11084,KRD8M0,GKA,경기도,용인시 기흥구
11R2,평택RDC,KH11095,KRD8M0,GKA,경기도,용인시 기흥구
11R2,평택RDC,KP11719,KRD8M0,GKA,경기도,용인시 기흥구
11R2,평택RDC,KP12045,KRD8M0,GKA,경기도,용인시 기흥구
11R2,평택RDC,KP12071,KRD8M0,GKA,경기도,용인시 기흥구
11R2,평택RDC,KP12339,KRD8M0,GKA,경기도,용인시 기흥구
11R2,평택RDC,KP12387,KRD8M0,GKA,경기도,용인시 기흥구
11R2,평택RDC,KP12560,KRD8M0,GKA,경기도,용인시 기흥구
11R2,평택RDC,KP12952,KRD8M0,GKA,경기도,용인시 기흥구
11R2,평택RDC,KP12965,KRD8M0,GKA,경기도,용인시 기흥구
11R2,평택RDC,KP13001,KRD8M0,GIA,경기도,용인시 기흥구
11R2,평택RDC,KP13077,KRD8M0,GKA,경기도,용인시 기흥구
11R2,평택RDC,KP13187,KRD8M0,GJA,경기도,용인시 기흥구
11R2,평택RDC,KP13229,KRD8M0,GKA,경기도,용인시 기흥구
11R2,평택RDC,KP13447,KRD8M0,GKA,경기도,용인시 기흥구
11R2,평택RDC,KP13865,KRD8M0,GKA,경기도,용인시 기흥구
11R2,평택RDC,3013011,KRD8M1,GKA,경기도,용인시 수지구
11R2,평택RDC,3016565,KRD8M1,GKA,경기도,용인시 수지구
11R2,평택RDC,8606,KRD8M1,GKA,경기도,용인시 수지구
11R2,평택RDC,8712,KRD8M1,GKA,경기도,용인시 수지구
11R2,평택RDC,KH07505,KRD8M1,GKA,경기도,용인시 수지구
11R2,평택RDC,KP11065,KRD8M1,GKA,경기도,용인시 수지구
11R2,평택RDC,KP11722,KRD8M1,GKA,경기도,용인시 수지구
11R2,평택RDC,10021,KRD8M2,GKA,경기도,용인시 처인구
11R2,평택RDC,10307,KRD8M2,GKA,경기도,용인시 처인구
11R2,평택RDC,260,KRD8M2,GKA,경기도,용인시 처인구
11R2,평택RDC,3011205,KRD8M2,GKA,경기도,용인시 처인구
11R2,평택RDC,3011331,KRD8M2,GKA,경기도,용인시 처인구
11R2,평택RDC,3015376,KRD8M2,GKA,경기도,용인시 처인구
11R2,평택RDC,3019110,KRD8M2,GKA,경기도,용인시 처인구
11R2,평택RDC,6203,KRD8M2,GKA,경기도,용인시 처인구
11R2,평택RDC,6610,KRD8M2,GKA,경기도,용인시 처인구
11R2,평택RDC,7437,KRD8M2,GKA,경기도,용인시 처인구
11R2,평택RDC,7642,KRD8M2,GKA,경기도,용인시 처인구
11R2,평택RDC,7723,KRD8M2,GKA,경기도,용인시 처인구
11R2,평택RDC,7866,KRD8M2,GKA,경기도,용인시 처인구
11R2,평택RDC,7890,KRD8M2,GKA,경기도,용인시 처인구
11R2,평택RDC,8292,KRD8M2,GKA,경기도,용인시 처인구
11R2,평택RDC,9280,KRD8M2,GKA,경기도,용인시 처인구
11R2,평택RDC,9993,KRD8M2,GKA,경기도,용인시 처인구
11R2,평택RDC,KH01222,KRD8M2,GKA,경기도,용인시 처인구
11R2,평택RDC,KH02107,KRD8M2,GKA,경기도,용인시 처인구
11R2,평택RDC,KH07326,KRD8M2,GKA,경기도,용인시 처인구
11R2,평택RDC,KH08403,KRD8M0,GKA,경기도,용인시 처인구
11R2,평택RDC,KH09883,KRD8M2,GKA,경기도,용인시 처인구
11R2,평택RDC,KH10071,KRD8M2,GKA,경기도,용인시 처인구
11R2,평택RDC,KH10310,KRD8M2,GKA,경기도,용인시 처인구
11R2,평택RDC,KH10383,KRD8M2,GKA,경기도,용인시 처인구
11R2,평택RDC,KH11029,KRD8M2,GKA,경기도,용인시 처인구
11R2,평택RDC,KH11047,KRD8M2,GIA,경기도,용인시 처인구
11R2,평택RDC,KH11066,KRD8M2,GIA,경기도,용인시 처인구
11R2,평택RDC,KH11072,KRD8M2,GKA,경기도,용인시 처인구
11R2,평택RDC,KH11087,KRD8M2,GIA,경기도,용인시 처인구
11R2,평택RDC,KH11088,KRD8M2,GKA,경기도,용인시 처인구
11R2,평택RDC,KP11870,KRD8M2,GKA,경기도,용인시 처인구
11R2,평택RDC,KP12182,KRD8M2,GKA,경기도,용인시 처인구
11R2,평택RDC,KP12618,KRD8M2,GKA,경기도,용인시 처인구
11R2,평택RDC,KP12869,KRD8M2,GKA,경기도,용인시 처인구
11R2,평택RDC,KP12980,KRD8M2,GKA,경기도,용인시 처인구
11R2,평택RDC,KP13021,KRD8M2,GKA,경기도,용인시 처인구
11R2,평택RDC,KP13039,KRD8M2,GKA,경기도,용인시 처인구
11R2,평택RDC,KP13089,KRD8M2,GKA,경기도,용인시 처인구
11R2,평택RDC,KP13091,KRD8M2,GKA,경기도,용인시 처인구
11R2,평택RDC,KP13470,KRD8M2,GKA,경기도,용인시 처인구
11R2,평택RDC,KP13686,KRD8M2,GKA,경기도,용인시 처인구
11R2,평택RDC,KP13744,KRD8M2,GKA,경기도,용인시 처인구
11R2,평택RDC,KP13870,KRD8M2,GKA,경기도,용인시 처인구
11R2,평택RDC,3001567,KRD8N0,GEA,경기도,의왕시
11R2,평택RDC,3022039,KRD8N0,GEA,경기도,의왕시
11R2,평택RDC,3198,KRD8N0,GEA,경기도,의왕시
11R2,평택RDC,8083,KRD8N0,GEA,경기도,의왕시
11R2,평택RDC,KH06925,KRD8N0,GEA,경기도,의왕시
11R2,평택RDC,KP12785,KRD8N0,GEA,경기도,의왕시
11R2,평택RDC,10071,KRD8O0,HFA,경기도,의정부시
11R2,평택RDC,3015899,KRD8O0,HFA,경기도,의정부시
11R2,평택RDC,3760,KRD8O0,HFA,경기도,의정부시
11R2,평택RDC,KH05555,KRD8O0,HFA,경기도,의정부시
11R2,평택RDC,KH07992,KRD8O0,HFA,경기도,의정부시
11R2,평택RDC,KH09586,KRD8O0,HFA,경기도,의정부시
11R2,평택RDC,KH10312,KRD8O0,HFA,경기도,의정부시
11R2,평택RDC,KP12405,KRD8O0,HFA,경기도,의정부시
11R2,평택RDC,KP12793,KRD8O0,HFA,경기도,의정부시
11R2,평택RDC,KP13611,KRD8O0,HFA,경기도,의정부시
11R2,평택RDC,KP13628,KRD8O0,HFA,경기도,의정부시
11R2,평택RDC,3015787,KRD8Q0,FLA,경기도,파주시
11R2,평택RDC,3017245,KRD8Q0,FLA,경기도,파주시
11R2,평택RDC,317,KRD8Q0,FLA,경기도,파주시
11R2,평택RDC,3416,KRD8Q0,FLA,경기도,파주시
11R2,평택RDC,51,KRD8Q0,FLA,경기도,파주시
11R2,평택RDC,7796,KRD8Q0,FLA,경기도,파주시
11R2,평택RDC,KH01995,KRD8Q0,FLA,경기도,파주시
11R2,평택RDC,KH10417,KRD8Q0,FLA,경기도,파주시
11R2,평택RDC,KP11577,KRD8Q0,FLA,경기도,파주시
11R2,평택RDC,KP11632,KRD8Q0,FLA,경기도,파주시
11R2,평택RDC,KP11678,KRD8Q0,FLA,경기도,파주시
11R2,평택RDC,KP11720,KRD8Q0,FLA,경기도,파주시
11R2,평택RDC,KP12110,KRD8Q0,FLA,경기도,파주시
11R2,평택RDC,KP12346,KRD8Q0,FLA,경기도,파주시
11R2,평택RDC,KP13034,KRD8Q0,FLA,경기도,파주시
11R2,평택RDC,KP13063,KRD8Q0,FLA,경기도,파주시
11R2,평택RDC,KP13107,KRD8Q0,FLA,경기도,파주시
11R2,평택RDC,KP13128,KRD8Q0,FLA,경기도,파주시
11R2,평택RDC,KP13210,KRD8Q0,FLA,경기도,파주시
11R2,평택RDC,KP13652,KRD8Q0,FLA,경기도,파주시
11R2,평택RDC,KP13669,KRD8Q0,FLA,경기도,파주시
11R2,평택RDC,2685,KRD8R0,GMA,경기도,평택시
11R2,평택RDC,3004030,KRD8R0,GMA,경기도,평택시
11R2,평택RDC,3014293,KRD8R0,GMA,경기도,평택시
11R2,평택RDC,3015453,KRD8R0,GMA,경기도,평택시
11R2,평택RDC,3022187,KRD8R0,GMA,경기도,평택시
11R2,평택RDC,6992,KRD8R0,GMA,경기도,평택시
11R2,평택RDC,7018,KRD8R0,GMA,경기도,평택시
11R2,평택RDC,7402,KRD8R0,GMA,경기도,평택시
11R2,평택RDC,7561,KRD8R0,GMA,경기도,평택시
11R2,평택RDC,785,KRD8R0,GMA,경기도,평택시
11R2,평택RDC,7858,KRD8R0,GMA,경기도,평택시
11R2,평택RDC,7894,KRD8R0,GMA,경기도,평택시
11R2,평택RDC,805,KRD8R0,GMA,경기도,평택시
11R2,평택RDC,8380,KRD8R0,GMA,경기도,평택시
11R2,평택RDC,9966,KRD8R0,GMA,경기도,평택시
11R2,평택RDC,KH02481,KRD8R0,GMA,경기도,평택시
11R2,평택RDC,KH07306,KRD8R0,GMA,경기도,평택시
11R2,평택RDC,KH09855,KRD8R0,GMA,경기도,평택시
11R2,평택RDC,KH10378,KRD8R0,GMA,경기도,평택시
11R2,평택RDC,KH10460,KRD8R0,GMA,경기도,평택시
11R2,평택RDC,KH10622,KRD8R0,GMA,경기도,평택시
11R2,평택RDC,KH10630,KRD8R0,GMA,경기도,평택시
11R2,평택RDC,KH10805,KRD8R0,GMA,경기도,평택시
11R2,평택RDC,KH11071,KRD8R0,GMA,경기도,평택시
11R2,평택RDC,KH11123,KRD8R0,GMA,경기도,평택시
11R2,평택RDC,KH11141,KRD8R0,GMA,경기도,평택시
11R2,평택RDC,KH11192,KRD8R0,GMA,경기도,평택시
11R2,평택RDC,KH11202,KRD8R0,GMA,경기도,평택시
11R2,평택RDC,KH11381,KRD8R0,GMA,경기도,평택시
11R2,평택RDC,KP11406,KRD8R0,GMA,경기도,평택시
11R2,평택RDC,KP11682,KRD8R0,GMA,경기도,평택시
11R2,평택RDC,KP11836,KRD8R0,GMA,경기도,평택시
11R2,평택RDC,KP11959,KRD8R0,GMA,경기도,평택시
11R2,평택RDC,KP12176,KRD8R0,GMA,경기도,평택시
11R2,평택RDC,KP12442,KRD8R0,GMA,경기도,평택시
11R2,평택RDC,KP12556,KRD8R0,GMA,경기도,평택시
11R2,평택RDC,KP12772,KRD8R0,GMA,경기도,평택시
11R2,평택RDC,KP12816,KRD8R0,GMA,경기도,평택시
11R2,평택RDC,KP12935,KRD8R0,GMA,경기도,평택시
11R2,평택RDC,KP13049,KRD8R0,GLA,경기도,평택시
11R2,평택RDC,KP13121,KRD8R0,GMA,경기도,평택시
11R2,평택RDC,KP13174,KRD8R0,GMA,경기도,평택시
11R2,평택RDC,KP13214,KRD8R0,GMA,경기도,평택시
11R2,평택RDC,KP13220,KRD8R0,GLA,경기도,평택시
11R2,평택RDC,KP13274,KRD8R0,GMA,경기도,평택시
11R2,평택RDC,KP13294,KRD8R0,GMA,경기도,평택시
11R2,평택RDC,KP13463,KRD8R0,GMA,경기도,평택시
11R2,평택RDC,KP13467,KRD8R0,GMA,경기도,평택시
11R2,평택RDC,KP13708,KRD8R0,GLA,경기도,평택시
11R2,평택RDC,KP13716,KRD8R0,GMA,경기도,평택시
11R2,평택RDC,KP13741,KRD8R0,GMA,경기도,평택시
11R2,평택RDC,KP13771,KRD8R0,GMA,경기도,평택시
11R2,평택RDC,KP13828,KRD8R0,GMA,경기도,평택시
11R2,평택RDC,3005806,KRD8S0,HKA,경기도,포천시
11R2,평택RDC,3018268,KRD8S0,HKA,경기도,포천시
11R2,평택RDC,3019236,KRD8S0,HKA,경기도,포천시
11R2,평택RDC,5174,KRD8S0,HKA,경기도,포천시
11R2,평택RDC,6843,KRD8S0,HKA,경기도,포천시
11R2,평택RDC,8135,KRD8S0,HKA,경기도,포천시
11R2,평택RDC,KH00109,KRD8S0,HKA,경기도,포천시
11R2,평택RDC,KH08606,KRD8S0,HKA,경기도,포천시
11R2,평택RDC,KH08630,KRD8S0,HKA,경기도,포천시
11R2,평택RDC,KH09483,KRD8S0,HKA,경기도,포천시
11R2,평택RDC,KH09684,KRD8S0,HKA,경기도,포천시
11R2,평택RDC,KH10620,KRD8S0,HKA,경기도,포천시
11R2,평택RDC,KH10753,KRD8S0,HKA,경기도,포천시
11R2,평택RDC,KH10958,KRD8S0,HKA,경기도,포천시
11R2,평택RDC,KH11036,KRD8S0,HKA,경기도,포천시
11R2,평택RDC,KH11262,KRD8S0,HKA,경기도,포천시
11R2,평택RDC,KP12042,KRD8S0,HKA,경기도,포천시
11R2,평택RDC,KP12124,KRD8S0,HKA,경기도,포천시
11R2,평택RDC,KP12163,KRD8S0,HKA,경기도,포천시
11R2,평택RDC,KP12559,KRD8S0,HKA,경기도,포천시
11R2,평택RDC,KP12715,KRD8S0,HKA,경기도,포천시
11R2,평택RDC,KP12739,KRD8S0,HKA,경기도,포천시
11R2,평택RDC,KP13112,KRD8S0,HKA,경기도,포천시
11R2,평택RDC,KP13313,KRD8S0,HKA,경기도,포천시
11R2,평택RDC,KP13458,KRD8S0,HKA,경기도,포천시
11R2,평택RDC,KP13672,KRD8S0,HKA,경기도,포천시
11R2,평택RDC,KP13756,KRD8S0,HKA,경기도,포천시
11R2,평택RDC,195,KRD8T0,GTA,경기도,하남시
11R2,평택RDC,2463,KRD8T0,GTA,경기도,하남시
11R2,평택RDC,3019151,KRD8T0,GTA,경기도,하남시
11R2,평택RDC,5228,KRD8T0,GTA,경기도,하남시
11R2,평택RDC,5347,KRD8T0,GTA,경기도,하남시
11R2,평택RDC,9576,KRD8T0,GTA,경기도,하남시
11R2,평택RDC,KH00028,KRD8T0,GTA,경기도,하남시
11R2,평택RDC,KH02153,KRD8T0,GTA,경기도,하남시
11R2,평택RDC,KH02293,KRD8T0,GTA,경기도,하남시
11R2,평택RDC,KH02345,KRD8T0,GTA,경기도,하남시
11R2,평택RDC,KH09977,KRD8T0,GTA,경기도,하남시
11R2,평택RDC,KH10465,KRD8T0,GTA,경기도,하남시
11R2,평택RDC,KH10521,KRD8T0,GTA,경기도,하남시
11R2,평택RDC,KH10917,KRD8T0,GTA,경기도,하남시
11R2,평택RDC,KH10947,KRD8T0,GTA,경기도,하남시
11R2,평택RDC,KH11004,KRD8T0,GTA,경기도,하남시
11R2,평택RDC,KH11189,KRD8T0,GTA,경기도,하남시
11R2,평택RDC,KP11027,KRD8T0,GTA,경기도,하남시
11R2,평택RDC,KP11338,KRD8T0,GTA,경기도,하남시
11R2,평택RDC,KP11525,KRD8T0,GTA,경기도,하남시
11R2,평택RDC,KP11817,KRD8T0,GTA,경기도,하남시
11R2,평택RDC,KP11826,KRD8T0,GTA,경기도,하남시
11R2,평택RDC,KP12220,KRD8T0,GTA,경기도,하남시
11R2,평택RDC,KP12434,KRD8T0,GTA,경기도,하남시
11R2,평택RDC,KP12491,KRD8T0,GTA,경기도,하남시
11R2,평택RDC,KP12670,KRD8T0,GTA,경기도,하남시
11R2,평택RDC,KP12837,KRD8T0,GTA,경기도,하남시
11R2,평택RDC,KP12993,KRD8T0,GTA,경기도,하남시
11R2,평택RDC,KP13309,KRD8T0,GTA,경기도,하남시
11R2,평택RDC,KP13434,KRD8T0,GTA,경기도,하남시
11R2,평택RDC,KP13612,KRD8T0,GTA,경기도,하남시
11R2,평택RDC,KP13711,KRD8T0,GTA,경기도,하남시
11R2,평택RDC,10208,KRD8U0,GIA,경기도,화성시
11R2,평택RDC,10415,KRD8U0,GIA,경기도,화성시
11R2,평택RDC,10612,KRD8U0,GIA,경기도,화성시
11R2,평택RDC,3002072,KRD8U0,GIA,경기도,화성시
11R2,평택RDC,3002298,KRD8U0,GIA,경기도,화성시
11R2,평택RDC,3005001,KRD8U0,GIA,경기도,화성시
11R2,평택RDC,3018089,KRD8U0,GIA,경기도,화성시
11R2,평택RDC,3020075,KRD8U0,GIA,경기도,화성시
11R2,평택RDC,311,KRD8U0,GIA,경기도,화성시
11R2,평택RDC,3888,KRD8U0,GIA,경기도,화성시
11R2,평택RDC,3938,KRD8U0,GIA,경기도,화성시
11R2,평택RDC,5220,KRD8U0,GIA,경기도,화성시
11R2,평택RDC,5518,KRD8U0,GIA,경기도,화성시
11R2,평택RDC,609,KRD8U0,GIA,경기도,화성시
11R2,평택RDC,630,KRD8U0,GIA,경기도,화성시
11R2,평택RDC,7113,KRD8U0,GIA,경기도,화성시
11R2,평택RDC,7267,KRD8U0,GIA,경기도,화성시
11R2,평택RDC,7442,KRD8U0,GIA,경기도,화성시
11R2,평택RDC,7979,KRD8U0,GIA,경기도,화성시
11R2,평택RDC,9168,KRD8U0,GIA,경기도,화성시
11R2,평택RDC,9256,KRD8U0,GIA,경기도,화성시
11R2,평택RDC,9296,KRD8U0,GIA,경기도,화성시
11R2,평택RDC,9551,KRD8U0,GIA,경기도,화성시
11R2,평택RDC,9583,KRD8U0,GIA,경기도,화성시
11R2,평택RDC,9627,KRD8U0,GIA,경기도,화성시
11R2,평택RDC,9637,KRD8U0,GIA,경기도,화성시
11R2,평택RDC,KH00311,KRD8U0,GIA,경기도,화성시
11R2,평택RDC,KH00937,KRD8U0,GIA,경기도,화성시
11R2,평택RDC,KH01223,KRD8U0,GIA,경기도,화성시
11R2,평택RDC,KH01355,KRD8U0,GIA,경기도,화성시
11R2,평택RDC,KH01416,KRD8U0,GIA,경기도,화성시
11R2,평택RDC,KH02242,KRD8U0,GIA,경기도,화성시
11R2,평택RDC,KH02246,KRD8U0,GIA,경기도,화성시
11R2,평택RDC,KH02273,KRD8U0,GIA,경기도,화성시
11R2,평택RDC,KH04152,KRD8U0,GIA,경기도,화성시
11R2,평택RDC,KH05567,KRD8U0,GIA,경기도,화성시
11R2,평택RDC,KH06945,KKR151,GIA,경기도,화성시
11R2,평택RDC,KH07473,KRD8U0,GIA,경기도,화성시
11R2,평택RDC,KH07654,KRD8U0,GIA,경기도,화성시
11R2,평택RDC,KH08282,KRD8U0,GIA,경기도,화성시
11R2,평택RDC,KH08547,KRD8U0,GIA,경기도,화성시
11R2,평택RDC,KH09229,KRD8U0,GIA,경기도,화성시
11R2,평택RDC,KH09290,KRD8U0,GIA,경기도,화성시
11R2,평택RDC,KH09531,KRD8U0,GIA,경기도,화성시
11R2,평택RDC,KH09869,KRD8U0,GIA,경기도,화성시
11R2,평택RDC,KH10004,KRD8U0,GIA,경기도,화성시
11R2,평택RDC,KH10125,KRD8U0,GIA,경기도,화성시
11R2,평택RDC,KH10706,KRD8U0,GIA,경기도,화성시
11R2,평택RDC,KH10813,KRD8U0,GIA,경기도,화성시
11R2,평택RDC,KH10838,KRD8U0,GIA,경기도,화성시
11R2,평택RDC,KH10961,KRD8U0,GIA,경기도,화성시
11R2,평택RDC,KH10975,KRD8U0,GIA,경기도,화성시
11R2,평택RDC,KH10976,KRD8U0,GIA,경기도,화성시
11R2,평택RDC,KH10977,KRD8U0,GIA,경기도,화성시
11R2,평택RDC,KH10978,KRD8U0,GIA,경기도,화성시
11R2,평택RDC,KH11065,KRD8U0,GIA,경기도,화성시
11R2,평택RDC,KH11081,KRD8U0,GIA,경기도,화성시
11R2,평택RDC,KH11195,KRD8U0,GIA,경기도,화성시
11R2,평택RDC,KH11327,KRD8U0,GIA,경기도,화성시
11R2,평택RDC,KP11587,KRD8U0,GIA,경기도,화성시
11R2,평택RDC,KP11607,KRD8U0,GIA,경기도,화성시
11R2,평택RDC,KP11705,KRD8U0,GIA,경기도,화성시
11R2,평택RDC,KP11803,KRD8U0,GIA,경기도,화성시
11R2,평택RDC,KP11932,KRD8U0,GIA,경기도,화성시
11R2,평택RDC,KP11997,KRD8U0,GIA,경기도,화성시
11R2,평택RDC,KP12006,KRD8U0,GIA,경기도,화성시
11R2,평택RDC,KP12069,KRD8U0,GIA,경기도,화성시
11R2,평택RDC,KP12369,KRD8U0,GIA,경기도,화성시
11R2,평택RDC,KP12413,KRD8U0,GIA,경기도,화성시
11R2,평택RDC,KP12432,KRD8U0,GIA,경기도,화성시
11R2,평택RDC,KP12490,KRD8U0,GIA,경기도,화성시
11R2,평택RDC,KP12499,KRD8U0,GIA,경기도,화성시
11R2,평택RDC,KP12535,KRD8U0,GIA,경기도,화성시
11R2,평택RDC,KP12610,KRD8U0,GIA,경기도,화성시
11R2,평택RDC,KP12678,KRD8U0,GIA,경기도,화성시
11R2,평택RDC,KP12999,KRD8U0,GIA,경기도,화성시
11R2,평택RDC,KP13033,KRD8U0,GIA,경기도,화성시
11R2,평택RDC,KP13232,KRD8U0,GIA,경기도,화성시
11R2,평택RDC,KP13255,KRD8U0,GIA,경기도,화성시
11R2,평택RDC,KP13261,KRD8U0,GFA,경기도,화성시
11R2,평택RDC,KP13365,KRD8U0,GIA,경기도,화성시
11R2,평택RDC,KP13366,KRD8U0,GIA,경기도,화성시
11R2,평택RDC,KP13643,KRD8U0,GIA,경기도,화성시
11R2,평택RDC,KP13657,KRD8U0,GIA,경기도,화성시
11R2,평택RDC,KP13682,KRD8U0,GIA,경기도,화성시
11R2,평택RDC,KP13713,KRD8U0,GIA,경기도,화성시
11R2,평택RDC,KP13714,KRD8U0,GIA,경기도,화성시
11R2,평택RDC,KP13715,KRD8U0,GIA,경기도,화성시
11R2,평택RDC,KP13785,KRD8U0,GIA,경기도,화성시
11R2,평택RDC,KP13794,KRD8U0,GIA,경기도,화성시
11R2,평택RDC,KP13796,KRD8U0,GIA,경기도,화성시
11R2,평택RDC,KP13868,KRD8U0,GIA,경기도,화성시
11R2,평택RDC,10350,KRD000,ALA,서울특별시,강남구
11R2,평택RDC,295,KRD000,ALA,서울특별시,강남구
11R2,평택RDC,306,KRD000,ALA,서울특별시,강남구
11R2,평택RDC,4527,KRD000,ALA,서울특별시,강남구
11R2,평택RDC,5446,KRD000,ALA,서울특별시,강남구
11R2,평택RDC,6001,KRD000,ALA,서울특별시,강남구
11R2,평택RDC,KH00847,KRD000,ALA,서울특별시,강남구
11R2,평택RDC,KH01268,KRD000,ALA,서울특별시,강남구
11R2,평택RDC,KH01271,KRD000,ALA,서울특별시,강남구
11R2,평택RDC,KH02331,KRD000,ALA,서울특별시,강남구
11R2,평택RDC,KH07927,KRD000,ALA,서울특별시,강남구
11R2,평택RDC,KH10002,KRD000,AOA,서울특별시,강남구
11R2,평택RDC,KH11376,KRD000,ALA,서울특별시,강남구
11R2,평택RDC,218,KRD001,AKA,서울특별시,강동구
11R2,평택RDC,5949,KRD001,AKA,서울특별시,강동구
11R2,평택RDC,9806,KRD001,AKA,서울특별시,강동구
11R2,평택RDC,KP12466,KRD001,AKA,서울특별시,강동구
11R2,평택RDC,KP13301,KRD001,AKA,서울특별시,강동구
11R2,평택RDC,KP13627,KRD001,AKA,서울특별시,강동구
11R2,평택RDC,KP13697,KRD001,AKA,서울특별시,강동구
11R2,평택RDC,3014242,KRD002,ARA,서울특별시,강북구
11R2,평택RDC,3020466,KRD002,ARA,서울특별시,강북구
11R2,평택RDC,368,KRD002,ARA,서울특별시,강북구
11R2,평택RDC,KH11246,KRD002,ARA,서울특별시,강북구
11R2,평택RDC,492,KRD003,BAA,서울특별시,강서구
11R2,평택RDC,7052,KRD003,BAA,서울특별시,강서구
11R2,평택RDC,8616,KRD003,BAA,서울특별시,강서구
11R2,평택RDC,KH00180,KRD003,BAA,서울특별시,강서구
11R2,평택RDC,KH01405,KRD003,BAA,서울특별시,강서구
11R2,평택RDC,KH09919,KRD003,BAA,서울특별시,강서구
11R2,평택RDC,KH10258,KRD003,BAA,서울특별시,강서구
11R2,평택RDC,KH10259,KRD003,BAA,서울특별시,강서구
11R2,평택RDC,KP11018,KRD003,BAA,서울특별시,강서구
11R2,평택RDC,KP11380,KRD003,BAA,서울특별시,강서구
11R2,평택RDC,KP13423,KRD003,BAA,서울특별시,강서구
11R2,평택RDC,KP13430,KRD003,BAA,서울특별시,강서구
11R2,평택RDC,10406,KRD004,AUA,서울특별시,관악구
11R2,평택RDC,6885,KRD004,AUA,서울특별시,관악구
11R2,평택RDC,9932,KRD004,AUA,서울특별시,관악구
11R2,평택RDC,KH01297,KRD004,AUA,서울특별시,관악구
11R2,평택RDC,KP11948,KRD004,AUA,서울특별시,관악구
11R2,평택RDC,KP12867,KRD004,AUA,서울특별시,관악구
11R2,평택RDC,207,KRD005,ASA,서울특별시,광진구
11R2,평택RDC,KH10260,KRD005,ASA,서울특별시,광진구
11R2,평택RDC,KP13211,KRD005,ASA,서울특별시,광진구
11R2,평택RDC,KP13406,KRD005,ASA,서울특별시,광진구
11R2,평택RDC,2290,KRD006,AVA,서울특별시,구로구
11R2,평택RDC,264,KRD006,AVA,서울특별시,구로구
11R2,평택RDC,3013974,KRD006,AVA,서울특별시,구로구
11R2,평택RDC,3015721,KRD006,AVA,서울특별시,구로구
11R2,평택RDC,KH00879,KRD006,AVA,서울특별시,구로구
11R2,평택RDC,KH09815,KRD006,AVA,서울특별시,구로구
11R2,평택RDC,KH10223,KRD006,AVA,서울특별시,구로구
11R2,평택RDC,KH10261,KRD006,AVA,서울특별시,구로구
11R2,평택RDC,KH10842,KRD006,AVA,서울특별시,구로구
11R2,평택RDC,KP13863,KRD006,AVA,서울특별시,구로구
11R2,평택RDC,250,KRD007,AWA,서울특별시,금천구
11R2,평택RDC,3014277,KRD007,AWA,서울특별시,금천구
11R2,평택RDC,333,KRD007,AWA,서울특별시,금천구
11R2,평택RDC,6209,KRD007,AWA,서울특별시,금천구
11R2,평택RDC,KH10361,KRD007,AWA,서울특별시,금천구
11R2,평택RDC,KP11869,KRD007,AWA,서울특별시,금천구
11R2,평택RDC,3020011,KRD008,APA,서울특별시,노원구
11R2,평택RDC,9890,KRD008,APA,서울특별시,노원구
11R2,평택RDC,KH11319,KRD008,APA,서울특별시,노원구
11R2,평택RDC,KP12527,KRD008,APA,서울특별시,노원구
11R2,평택RDC,KP12834,KRD008,APA,서울특별시,노원구
11R2,평택RDC,3001198,KRD009,AIA,서울특별시,도봉구
11R2,평택RDC,3015169,KRD009,AIA,서울특별시,도봉구
11R2,평택RDC,365,KRD009,AIA,서울특별시,도봉구
11R2,평택RDC,7243,KRD009,AIA,서울특별시,도봉구
11R2,평택RDC,KH01324,KRD009,AIA,서울특별시,도봉구
11R2,평택RDC,KP11374,KRD009,AIA,서울특별시,도봉구
11R2,평택RDC,KP11834,KRD009,AIA,서울특별시,도봉구
11R2,평택RDC,3009877,KRD00A,AGA,서울특별시,동대문구
11R2,평택RDC,437,KRD00A,AGA,서울특별시,동대문구
11R2,평택RDC,442,KRD00A,AGA,서울특별시,동대문구
11R2,평택RDC,KH07673,KRD00A,AGA,서울특별시,동대문구
11R2,평택RDC,KH08526,KRD00A,AGA,서울특별시,동대문구
11R2,평택RDC,KP11594,KRD00A,AGA,서울특별시,동대문구
11R2,평택RDC,KP13073,KRD00A,AGA,서울특별시,동대문구
11R2,평택RDC,KP13471,KRD00A,AGA,서울특별시,동대문구
11R2,평택RDC,3016796,KRD00B,AXA,서울특별시,동작구
11R2,평택RDC,KP13094,KRD00B,AXA,서울특별시,동작구
11R2,평택RDC,KP13818,KRD00B,AUA,서울특별시,동작구
11R2,평택RDC,397,KRD00C,AEA,서울특별시,마포구
11R2,평택RDC,447,KRD00C,AEA,서울특별시,마포구
11R2,평택RDC,5007,KRD00C,AEA,서울특별시,마포구
11R2,평택RDC,KH02020,KRD00C,AEA,서울특별시,마포구
11R2,평택RDC,KP13753,KRD00C,AEA,서울특별시,마포구
11R2,평택RDC,334,KRD00D,ADA,서울특별시,서대문구
11R2,평택RDC,KH02219,KRD00D,ADA,서울특별시,서대문구
11R2,평택RDC,10113,KRD00E,ANA,서울특별시,서초구
11R2,평택RDC,10317,KRD00E,ANA,서울특별시,서초구
11R2,평택RDC,297,KRD00E,ANA,서울특별시,서초구
11R2,평택RDC,3001119,KRD00E,ANA,서울특별시,서초구
11R2,평택RDC,3003787,KRD00E,ANA,서울특별시,서초구
11R2,평택RDC,3004399,KRD00E,ANA,서울특별시,서초구
11R2,평택RDC,302,KRD00E,ANA,서울특별시,서초구
11R2,평택RDC,4478,KRD00E,ANA,서울특별시,서초구
11R2,평택RDC,KH00926,KRD00E,ANA,서울특별시,서초구
11R2,평택RDC,KH01557,KRD00E,ANA,서울특별시,서초구
11R2,평택RDC,KH02640,KRD00E,ANA,서울특별시,서초구
11R2,평택RDC,KH08001,KRD00E,ANA,서울특별시,서초구
11R2,평택RDC,KH09924,KRD00E,ANA,서울특별시,서초구
11R2,평택RDC,KH10875,KRD00E,ANA,서울특별시,서초구
11R2,평택RDC,KH10905,KRD00E,ANA,서울특별시,서초구
11R2,평택RDC,KH11096,KRD00E,ANA,서울특별시,서초구
11R2,평택RDC,KH11143,KRD00E,ANA,서울특별시,서초구
11R2,평택RDC,KP12626,KRD00E,ANA,서울특별시,서초구
11R2,평택RDC,KP12629,KRD00E,ANA,서울특별시,서초구
11R2,평택RDC,KP12873,KRD00E,ANA,서울특별시,서초구
11R2,평택RDC,KP13065,KRD00E,ANA,서울특별시,서초구
11R2,평택RDC,KP13125,KRD00E,ANA,서울특별시,서초구
11R2,평택RDC,KP13440,KRD00E,ANA,서울특별시,서초구
11R2,평택RDC,401,KRD00F,AJA,서울특별시,성동구
11R2,평택RDC,4093,KRD00F,AJA,서울특별시,성동구
11R2,평택RDC,417,KRD00F,AJA,서울특별시,성동구
11R2,평택RDC,6830,KRD00F,AJA,서울특별시,성동구
11R2,평택RDC,7102,KRD00F,AJA,서울특별시,성동구
11R2,평택RDC,7978,KRD00F,AJA,서울특별시,성동구
11R2,평택RDC,KH10023,KRD00F,AJA,서울특별시,성동구
11R2,평택RDC,KH10046,KRD00F,AJA,서울특별시,성동구
11R2,평택RDC,KP11387,KRD00F,AJA,서울특별시,성동구
11R2,평택RDC,KP12795,KRD00F,AJA,서울특별시,성동구
11R2,평택RDC,3014686,KRD00G,AMA,서울특별시,성북구
11R2,평택RDC,381,KRD00G,AMA,서울특별시,성북구
11R2,평택RDC,545,KRD00G,AMA,서울특별시,성북구
11R2,평택RDC,KP11328,KRD00G,AMA,서울특별시,성북구
11R2,평택RDC,KP11928,KRD00G,AMA,서울특별시,성북구
11R2,평택RDC,KP12117,KRD00G,AMA,서울특별시,성북구
11R2,평택RDC,KP12161,KRD00G,AMA,서울특별시,성북구
11R2,평택RDC,KP13037,KRD00G,AMA,서울특별시,성북구
11R2,평택RDC,10353,KRD00H,AOA,서울특별시,송파구
11R2,평택RDC,10355,KRD00H,AOA,서울특별시,송파구
11R2,평택RDC,270,KRD00H,AOA,서울특별시,송파구
11R2,평택RDC,296,KRD00H,AOA,서울특별시,송파구
11R2,평택RDC,3011413,KRD00H,AOA,서울특별시,송파구
11R2,평택RDC,3019224,KRD00H,AOA,서울특별시,송파구
11R2,평택RDC,3020082,KRD00H,AOA,서울특별시,송파구
11R2,평택RDC,313,KRD00H,AOA,서울특별시,송파구
11R2,평택RDC,48,KRD00H,AOA,서울특별시,송파구
11R2,평택RDC,5286,KRD00H,AOA,서울특별시,송파구
11R2,평택RDC,8193,KRD00H,AOA,서울특별시,송파구
11R2,평택RDC,KH00577,KRD00H,AOA,서울특별시,송파구
11R2,평택RDC,KH00883,KRD00H,AOA,서울특별시,송파구
11R2,평택RDC,KH06156,KRD00H,AOA,서울특별시,송파구
11R2,평택RDC,KH08536,KRD00H,AOA,서울특별시,송파구
11R2,평택RDC,KH10036,KRD00H,AOA,서울특별시,송파구
11R2,평택RDC,KP11007,KRD00H,AOA,서울특별시,송파구
11R2,평택RDC,KP13197,KRD00H,AOA,서울특별시,송파구
11R2,평택RDC,KP13698,KRD00H,AOA,서울특별시,송파구
11R2,평택RDC,10308,KRD00I,BBA,서울특별시,양천구
11R2,평택RDC,3013918,KRD00I,BBA,서울특별시,양천구
11R2,평택RDC,462,KRD00I,BBA,서울특별시,양천구
11R2,평택RDC,6066,KRD00I,BBA,서울특별시,양천구
11R2,평택RDC,9818,KRD00I,BBA,서울특별시,양천구
11R2,평택RDC,KH00798,KRD00I,BBA,서울특별시,양천구
11R2,평택RDC,KH09243,KRD00I,BBA,서울특별시,양천구
11R2,평택RDC,KP11327,KRD00I,BBA,서울특별시,양천구
11R2,평택RDC,KP11541,KRD00I,BBA,서울특별시,양천구
11R2,평택RDC,KP12781,KRD00I,BBA,서울특별시,양천구
11R2,평택RDC,KP13426,KRD00I,BBA,서울특별시,양천구
11R2,평택RDC,KP13619,KRD00I,BBA,서울특별시,양천구
11R2,평택RDC,KP13630,KRD00I,BBA,서울특별시,양천구
11R2,평택RDC,KP13687,KRD00I,BBA,서울특별시,양천구
11R2,평택RDC,KP13850,KRD00I,BBA,서울특별시,양천구
11R2,평택RDC,222,KRD00J,ATA,서울특별시,영등포구
11R2,평택RDC,254,KRD00J,ATA,서울특별시,영등포구
11R2,평택RDC,258,KRD00J,ATA,서울특별시,영등포구
11R2,평택RDC,461,KRD00J,ATA,서울특별시,영등포구
11R2,평택RDC,6450,KRD00J,ATA,서울특별시,영등포구
11R2,평택RDC,7560,KRD00J,ATA,서울특별시,영등포구
11R2,평택RDC,7595,KRD00J,ATA,서울특별시,영등포구
11R2,평택RDC,KH10359,KRD00J,ATA,서울특별시,영등포구
11R2,평택RDC,KH10476,KRD00J,ATA,서울특별시,영등포구
11R2,평택RDC,KH11041,KRD00J,ATA,서울특별시,영등포구
11R2,평택RDC,KH11099,KRD00J,ATA,서울특별시,영등포구
11R2,평택RDC,KH11144,KRD00J,ATA,서울특별시,영등포구
11R2,평택RDC,KP13171,KRD00J,ATA,서울특별시,영등포구
11R2,평택RDC,KP13259,KRD00J,ATA,서울특별시,영등포구
11R2,평택RDC,416,KRD00K,AQA,서울특별시,용산구
11R2,평택RDC,436,KRD00K,AQA,서울특별시,용산구
11R2,평택RDC,KH01980,KRD00K,AQA,서울특별시,용산구
11R2,평택RDC,KH08188,KRD00K,AQA,서울특별시,용산구
11R2,평택RDC,KP12625,KRD00K,AQA,서울특별시,용산구
11R2,평택RDC,342,KRD00L,AFA,서울특별시,은평구
11R2,평택RDC,349,KRD00L,AFA,서울특별시,은평구
11R2,평택RDC,9821,KRD00L,AFA,서울특별시,은평구
11R2,평택RDC,KH01345,KRD00L,AFA,서울특별시,은평구
11R2,평택RDC,KH08712,KRD009,AFA,서울특별시,은평구
11R2,평택RDC,KH11118,KRD00L,AFA,서울특별시,은평구
11R2,평택RDC,KP13066,KRD00L,AFA,서울특별시,은평구
11R2,평택RDC,KP13707,KRD00L,AFA,서울특별시,은평구
11R2,평택RDC,3018957,KRD00M,ABA,서울특별시,종로구
11R2,평택RDC,9521,KRD00M,ABA,서울특별시,종로구
11R2,평택RDC,KP12352,KRD00M,ABA,서울특별시,종로구
11R2,평택RDC,KP12401,KRD00M,ABA,서울특별시,종로구
11R2,평택RDC,KP12710,KRD00M,ABA,서울특별시,종로구
11R2,평택RDC,KP13701,KRD00M,ABA,서울특별시,종로구
11R2,평택RDC,10571,KRD00N,AAA,서울특별시,중구
11R2,평택RDC,KH09946,KRD00N,AAA,서울특별시,중구
11R2,평택RDC,KH11373,KRD00N,AAA,서울특별시,중구
11R2,평택RDC,10127,KRD00O,AHA,서울특별시,중랑구
11R2,평택RDC,10589,KRD00O,AHA,서울특별시,중랑구
11R2,평택RDC,174,KRD00O,AHA,서울특별시,중랑구
11R2,평택RDC,188,KRD00O,AHA,서울특별시,중랑구
11R2,평택RDC,KH01431,KRD00O,AHA,서울특별시,중랑구
11R2,평택RDC,KH08784,KRD00O,AHA,서울특별시,중랑구
11R2,평택RDC,KH09649,KRD00O,AHA,서울특별시,중랑구
11R2,평택RDC,KH10522,KRD00G,AHA,서울특별시,중랑구
11R2,평택RDC,KP11127,KRD00O,AHA,서울특별시,중랑구
11R2,평택RDC,KP13743,KRD00O,AHA,서울특별시,중랑구
11R2,평택RDC,649,KRD300,FOA,인천광역시,강화군
11R2,평택RDC,7679,KRD300,FOA,인천광역시,강화군
11R2,평택RDC,3018932,KRD301,FHA,인천광역시,계양구
11R2,평택RDC,674,KRD301,FHA,인천광역시,계양구
11R2,평택RDC,KH00891,KRD301,FHA,인천광역시,계양구
11R2,평택RDC,KH10028,KRD301,FHA,인천광역시,계양구
11R2,평택RDC,KH11100,KRD301,FHA,인천광역시,계양구
11R2,평택RDC,KP11992,KRD301,FHA,인천광역시,계양구
11R2,평택RDC,KP12771,KRD301,FHA,인천광역시,계양구
11R2,평택RDC,KP13123,KRD301,FHA,인천광역시,계양구
11R2,평택RDC,KP13427,KRD301,FHA,인천광역시,계양구
11R2,평택RDC,10524,KRD302,FFA,인천광역시,남동구
11R2,평택RDC,541,KRD302,FFA,인천광역시,남동구
11R2,평택RDC,561,KRD302,FFA,인천광역시,남동구
11R2,평택RDC,584,KRD302,FFA,인천광역시,남동구
11R2,평택RDC,587,KRD302,FFA,인천광역시,남동구
11R2,평택RDC,6147,KRD302,FFA,인천광역시,남동구
11R2,평택RDC,662,KRD302,FFA,인천광역시,남동구
11R2,평택RDC,9139,KRD302,FFA,인천광역시,남동구
11R2,평택RDC,9666,KRD302,FFA,인천광역시,남동구
11R2,평택RDC,KH01369,KRD302,FFA,인천광역시,남동구
11R2,평택RDC,KH11375,KRD302,FFA,인천광역시,남동구
11R2,평택RDC,KP13304,KRD302,FFA,인천광역시,남동구
11R2,평택RDC,KP13425,KRD302,FFA,인천광역시,남동구
11R2,평택RDC,KP13705,KRD302,FFA,인천광역시,남동구
11R2,평택RDC,KP13768,KRD302,FFA,인천광역시,남동구
11R2,평택RDC,KP13847,KRD302,FFA,인천광역시,남동구
11R2,평택RDC,9880,KRD303,FBA,인천광역시,동구
11R2,평택RDC,KH04590,KRD309,FAA,인천광역시,동구
11R2,평택RDC,KH10756,KRD303,FBA,인천광역시,동구
11R2,평택RDC,KP12876,KRD303,FBA,인천광역시,동구
11R2,평택RDC,10261,KRD304,FCA,인천광역시,미추홀구
11R2,평택RDC,3722,KRD304,FCA,인천광역시,미추홀구
11R2,평택RDC,571,KRD304,FCA,인천광역시,미추홀구
11R2,평택RDC,573,KRD304,FCA,인천광역시,미추홀구
11R2,평택RDC,582,KRD304,FCA,인천광역시,미추홀구
11R2,평택RDC,7060,KRD304,FCA,인천광역시,미추홀구
11R2,평택RDC,9305,KRD304,FCA,인천광역시,미추홀구
11R2,평택RDC,KH06145,KRD304,FCA,인천광역시,미추홀구
11R2,평택RDC,KH08804,KRD304,FCA,인천광역시,미추홀구
11R2,평택RDC,KH11135,KRD304,FCA,인천광역시,미추홀구
11R2,평택RDC,KH11214,KRD304,FCA,인천광역시,미추홀구
11R2,평택RDC,KP11529,KRD304,FCA,인천광역시,미추홀구
11R2,평택RDC,KP12353,KRD304,FCA,인천광역시,미추홀구
11R2,평택RDC,KP12534,KRD304,FCA,인천광역시,미추홀구
11R2,평택RDC,KP12948,KRD304,FCA,인천광역시,미추홀구
11R2,평택RDC,KP13446,KRD304,FFA,인천광역시,미추홀구
11R2,평택RDC,KP13603,KRD304,FCA,인천광역시,미추홀구
11R2,평택RDC,KP13679,KRD304,FCA,인천광역시,미추홀구
11R2,평택RDC,KP13787,KRD304,FCA,인천광역시,미추홀구
11R2,평택RDC,10220,KRD305,FDA,인천광역시,부평구
11R2,평택RDC,5229,KRD305,FDA,인천광역시,부평구
11R2,평택RDC,580,KRD305,FDA,인천광역시,부평구
11R2,평택RDC,657,KRD305,FDA,인천광역시,부평구
11R2,평택RDC,677,KRD305,FDA,인천광역시,부평구
11R2,평택RDC,7627,KRD305,FDA,인천광역시,부평구
11R2,평택RDC,8151,KRD305,FDA,인천광역시,부평구
11R2,평택RDC,8258,KRD305,FDA,인천광역시,부평구
11R2,평택RDC,KH01226,KRD305,FDA,인천광역시,부평구
11R2,평택RDC,KH01235,KRD305,FDA,인천광역시,부평구
11R2,평택RDC,KH09066,KRD305,FDA,인천광역시,부평구
11R2,평택RDC,KH09872,KRD305,FDA,인천광역시,부평구
11R2,평택RDC,KH10404,KRD305,FDA,인천광역시,부평구
11R2,평택RDC,KH10798,KRD305,FDA,인천광역시,부평구
11R2,평택RDC,KP11565,KRD305,FDA,인천광역시,부평구
11R2,평택RDC,KP12623,KRD305,FDA,인천광역시,부평구
11R2,평택RDC,KP12913,KRD305,FDA,인천광역시,부평구
11R2,평택RDC,KP12961,KRD305,FDA,인천광역시,부평구
11R2,평택RDC,KP13076,KRD305,FDA,인천광역시,부평구
11R2,평택RDC,10183,KRD306,FEA,인천광역시,서구
11R2,평택RDC,10601,KRD306,FEA,인천광역시,서구
11R2,평택RDC,6336,KRD306,FEA,인천광역시,서구
11R2,평택RDC,650,KRD306,FEA,인천광역시,서구
11R2,평택RDC,660,KRD306,FEA,인천광역시,서구
11R2,평택RDC,679,KRD306,FEA,인천광역시,서구
11R2,평택RDC,6859,KRD306,FEA,인천광역시,서구
11R2,평택RDC,7079,KRD306,FEA,인천광역시,서구
11R2,평택RDC,KH02312,KRD306,FEA,인천광역시,서구
11R2,평택RDC,KH02350,KRD306,FEA,인천광역시,서구
11R2,평택RDC,KH08513,KRD306,FEA,인천광역시,서구
11R2,평택RDC,KH10742,KRD306,FEA,인천광역시,서구
11R2,평택RDC,KH10751,KRD306,FEA,인천광역시,서구
11R2,평택RDC,KP11521,KRD306,FEA,인천광역시,서구
11R2,평택RDC,KP12313,KRD306,FEA,인천광역시,서구
11R2,평택RDC,KP12532,KRD306,FEA,인천광역시,서구
11R2,평택RDC,KP12894,KRD306,FEA,인천광역시,서구
11R2,평택RDC,KP12902,KRD306,FEA,인천광역시,서구
11R2,평택RDC,KP13408,KRD306,GIA,인천광역시,서구
11R2,평택RDC,KP13460,KRD306,FEA,인천광역시,서구
11R2,평택RDC,KP13740,KRD306,FEA,인천광역시,서구
11R2,평택RDC,9022,KRD307,FGA,인천광역시,연수구
11R2,평택RDC,KH00709,KRD307,FGA,인천광역시,연수구
11R2,평택RDC,KH01417,KRD307,FGA,인천광역시,연수구
11R2,평택RDC,KH09809,KRD307,FGA,인천광역시,연수구
11R2,평택RDC,KH10844,KRD307,FGA,인천광역시,연수구
11R2,평택RDC,KH11388,KRD307,FGA,인천광역시,연수구
11R2,평택RDC,KP12562,KRD307,FGA,인천광역시,연수구
11R2,평택RDC,KP12630,KRD307,FGA,인천광역시,연수구
11R2,평택RDC,KP13826,KRD307,FGA,인천광역시,연수구
11R2,평택RDC,10051,KRD309,FAA,인천광역시,중구
11R2,평택RDC,3012153,KRD309,FAA,인천광역시,중구
11R2,평택RDC,559,KRD309,FAA,인천광역시,중구
11R2,평택RDC,562,KRD309,FNA,인천광역시,중구
11R2,평택RDC,6171,KRD309,FAA,인천광역시,중구
11R2,평택RDC,9941,KRD309,FAA,인천광역시,중구
11R2,평택RDC,KH00702,KKR079,FNA,인천광역시,중구
11R2,평택RDC,KH08092,KRD309,FAA,인천광역시,중구
11R2,평택RDC,KH09917,KRD309,FNA,인천광역시,중구
11R2,평택RDC,KH10867,KRD309,FAA,인천광역시,중구
11R2,평택RDC,KP12858,KRD309,FAA,인천광역시,중구
11R2,평택RDC,KP13479,KRD309,FAA,인천광역시,중구
11R2,평택RDC,KP13770,KRD309,FAA,인천광역시,중구
11R2,평택RDC,KP13872,KRD309,FAA,인천광역시,중구
11R2,평택RDC,4987,KRDB40,DSA,충청남도,당진시
11R2,평택RDC,6011,KRDB40,DSA,충청남도,당진시
11R2,평택RDC,7756,KRDB40,DSA,충청남도,당진시
11R2,평택RDC,873,KRDB40,DSA,충청남도,당진시
11R2,평택RDC,9978,KRDB40,DSA,충청남도,당진시
11R2,평택RDC,KH00362,KRDB40,DSA,충청남도,당진시
11R2,평택RDC,KH02097,KRDB40,DSA,충청남도,당진시
11R2,평택RDC,KH02250,KRDB40,DSA,충청남도,당진시
11R2,평택RDC,KH09631,KRDB40,DSA,충청남도,당진시
11R2,평택RDC,KH09971,KRDB40,DSA,충청남도,당진시
11R2,평택RDC,KH11017,KRDB40,DSA,충청남도,당진시
11R2,평택RDC,KP11436,KRDB40,DSA,충청남도,당진시
11R2,평택RDC,KP11989,KRDB40,DSA,충청남도,당진시
11R2,평택RDC,KP12347,KRDB40,DSA,충청남도,당진시
11R2,평택RDC,KP12360,KRDB40,DSA,충청남도,당진시
11R2,평택RDC,KP12392,KRDB40,DSA,충청남도,당진시
11R2,평택RDC,KP12544,KRDB40,DSA,충청남도,당진시
11R2,평택RDC,KP12569,KRDB40,DSA,충청남도,당진시
11R2,평택RDC,KP12888,KRDB40,DSA,충청남도,당진시
11R2,평택RDC,2861,KRDB70,EEA,충청남도,서산시
11R2,평택RDC,3003025,KRDB70,EEA,충청남도,서산시
11R2,평택RDC,3019339,KRDB70,EEA,충청남도,서산시
11R2,평택RDC,4347,KRDB70,EEA,충청남도,서산시
11R2,평택RDC,5550,KRDB70,EEA,충청남도,서산시
11R2,평택RDC,5890,KRDB70,EEA,충청남도,서산시
11R2,평택RDC,7873,KRDB70,EEA,충청남도,서산시
11R2,평택RDC,7896,KRDB70,EEA,충청남도,서산시
11R2,평택RDC,7911,KRDB70,EEA,충청남도,서산시
11R2,평택RDC,8131,KRDB70,EEA,충청남도,서산시
11R2,평택RDC,888,KRDB70,EEA,충청남도,서산시
11R2,평택RDC,903,KRDB70,EEA,충청남도,서산시
11R2,평택RDC,9380,KRDB70,EEA,충청남도,서산시
11R2,평택RDC,96,KRDB70,EEA,충청남도,서산시
11R2,평택RDC,9674,KRDB70,EEA,충청남도,서산시
11R2,평택RDC,KH00217,KRDB70,EEA,충청남도,서산시
11R2,평택RDC,KH00932,KRDB70,EEA,충청남도,서산시
11R2,평택RDC,KH01277,KRDB70,EEA,충청남도,서산시
11R2,평택RDC,KH02141,KRDB70,EEA,충청남도,서산시
11R2,평택RDC,KH05572,KRDB70,EEA,충청남도,서산시
11R2,평택RDC,KH09882,KRDB70,EEA,충청남도,서산시
11R2,평택RDC,KP11299,KRDB70,EEA,충청남도,서산시
11R2,평택RDC,KP11304,KRDB70,EEA,충청남도,서산시
11R2,평택RDC,KP11435,KRDB70,EEA,충청남도,서산시
11R2,평택RDC,KP11782,KRDB70,EEA,충청남도,서산시
11R2,평택RDC,KP12207,KRDB70,EEA,충청남도,서산시
11R2,평택RDC,3013501,KRDB90,DOA,충청남도,아산시
11R2,평택RDC,3020019,KRDB90,DOA,충청남도,아산시
11R2,평택RDC,6225,KRDB90,DOA,충청남도,아산시
11R2,평택RDC,7023,KRDB90,DOA,충청남도,아산시
11R2,평택RDC,786,KRDB90,DOA,충청남도,아산시
11R2,평택RDC,9341,KRDB90,DOA,충청남도,아산시
11R2,평택RDC,9928,KRDB90,DOA,충청남도,아산시
11R2,평택RDC,KH00788,KRDB90,DOA,충청남도,아산시
11R2,평택RDC,KH02095,KRDB90,DOA,충청남도,아산시
11R2,평택RDC,KH06942,KRDB90,DOA,충청남도,아산시
11R2,평택RDC,KH08110,KRDB90,DOA,충청남도,아산시
11R2,평택RDC,KH10269,KRDB90,DOA,충청남도,아산시
11R2,평택RDC,KH10474,KRDB90,DOA,충청남도,아산시
11R2,평택RDC,KH10945,KRDB90,DOA,충청남도,아산시
11R2,평택RDC,KH10959,KRDB90,DOA,충청남도,아산시
11R2,평택RDC,KH10969,KRDB90,DOA,충청남도,아산시
11R2,평택RDC,KH11024,KRDB90,DOA,충청남도,아산시
11R2,평택RDC,KH11042,KRDB90,DOA,충청남도,아산시
11R2,평택RDC,KH11116,KRDB90,DOA,충청남도,아산시
11R2,평택RDC,KH11255,KRDB90,DOA,충청남도,아산시
11R2,평택RDC,KH11290,KRDB90,DOA,충청남도,아산시
11R2,평택RDC,KP11871,KRDB90,DOA,충청남도,아산시
11R2,평택RDC,KP12596,KRDB90,DOA,충청남도,아산시
11R2,평택RDC,KP12774,KRDB90,DOA,충청남도,아산시
11R2,평택RDC,KP12910,KRDB90,DOA,충청남도,아산시
11R2,평택RDC,KP12970,KRDB90,DOA,충청남도,아산시
11R2,평택RDC,KP13085,KRDB90,DOA,충청남도,아산시
11R2,평택RDC,KP13249,KRDB90,DOA,충청남도,아산시
11R2,평택RDC,KP13267,KRDB90,DOA,충청남도,아산시
11R2,평택RDC,KP13268,KRDB90,DOA,충청남도,아산시
11R2,평택RDC,KP13662,KRDB90,DOA,충청남도,아산시
11R2,평택RDC,KP13678,KRDB90,DOA,충청남도,아산시
11R2,평택RDC,KP13811,KRDB90,DOA,충청남도,아산시
11R2,평택RDC,10290,KRDBA0,DRA,충청남도,예산군
11R2,평택RDC,5980,KRDBA0,DRA,충청남도,예산군
11R2,평택RDC,KH02570,KRDBA0,DRA,충청남도,예산군
11R2,평택RDC,KH09755,KRDBA0,DRA,충청남도,예산군
11R2,평택RDC,KP11253,KRDBA0,DRA,충청남도,예산군
11R2,평택RDC,KP12227,KRDBA0,DRA,충청남도,예산군
11R2,평택RDC,KP12736,KRDBA0,DRA,충청남도,예산군
11R2,평택RDC,10359,KRDBB0,DLA,충청남도,천안시 동남구
11R2,평택RDC,10636,KRDBB0,DLA,충청남도,천안시 동남구
11R2,평택RDC,3002448,KRDBB0,DLA,충청남도,천안시 동남구
11R2,평택RDC,3002496,KRDBB0,DLA,충청남도,천안시 동남구
11R2,평택RDC,3012696,KRDBB0,DLA,충청남도,천안시 동남구
11R2,평택RDC,3022051,KRDBB0,DLA,충청남도,천안시 동남구
11R2,평택RDC,4403,KRDBB0,DLA,충청남도,천안시 동남구
11R2,평택RDC,5481,KRDBB0,DLA,충청남도,천안시 동남구
11R2,평택RDC,6494,KRDBB0,DLA,충청남도,천안시 동남구
11R2,평택RDC,6763,KRDBB0,DLA,충청남도,천안시 동남구
11R2,평택RDC,815,KRDBB0,DLA,충청남도,천안시 동남구
11R2,평택RDC,817,KRDBB0,DLA,충청남도,천안시 동남구
11R2,평택RDC,KH00521,KRDBB0,DLA,충청남도,천안시 동남구
11R2,평택RDC,KH06151,KRDBB0,DLA,충청남도,천안시 동남구
11R2,평택RDC,KH09834,KRDBB0,DLA,충청남도,천안시 동남구
11R2,평택RDC,KH10103,KRDBB0,DLA,충청남도,천안시 동남구
11R2,평택RDC,KH11026,KRDBB0,DLA,충청남도,천안시 동남구
11R2,평택RDC,KH11387,KRDBB0,DLA,충청남도,천안시 동남구
11R2,평택RDC,KP11614,KRDBB0,DLA,충청남도,천안시 동남구
11R2,평택RDC,KP12148,KRDBB0,DLA,충청남도,천안시 동남구
11R2,평택RDC,KP12693,KRDBB0,DLA,충청남도,천안시 동남구
11R2,평택RDC,KP12714,KRDBB0,DLA,충청남도,천안시 동남구
11R2,평택RDC,KP12863,KRDBB0,DLA,충청남도,천안시 동남구
11R2,평택RDC,KP13230,KRDBB0,DLA,충청남도,천안시 동남구
11R2,평택RDC,KP13286,KRDBB0,DLA,충청남도,천안시 동남구
11R2,평택RDC,KP13402,KRDBB0,DLA,충청남도,천안시 동남구
11R2,평택RDC,KP13644,KRDBB0,DLA,충청남도,천안시 동남구
11R2,평택RDC,KP13746,KRDBB0,DLA,충청남도,천안시 동남구
11R2,평택RDC,10221,KRDBB1,DLA,충청남도,천안시 서북구
11R2,평택RDC,3013394,KRDBB1,DLA,충청남도,천안시 서북구
11R2,평택RDC,3022,KRDBB1,DLA,충청남도,천안시 서북구
11R2,평택RDC,5932,KRDBB1,DLA,충청남도,천안시 서북구
11R2,평택RDC,7270,KRDBB1,DLA,충청남도,천안시 서북구
11R2,평택RDC,8105,KRDBB1,DLA,충청남도,천안시 서북구
11R2,평택RDC,8988,KRDBB1,DLA,충청남도,천안시 서북구
11R2,평택RDC,9493,KRDBB1,DLA,충청남도,천안시 서북구
11R2,평택RDC,9672,KRDBB1,DLA,충청남도,천안시 서북구
11R2,평택RDC,KH00980,KRDBB1,DLA,충청남도,천안시 서북구
11R2,평택RDC,KH02159,KRDBB1,DLA,충청남도,천안시 서북구
11R2,평택RDC,KH08535,KRDBB1,DLA,충청남도,천안시 서북구
11R2,평택RDC,KH09588,KRDBB1,DLA,충청남도,천안시 서북구
11R2,평택RDC,KH09997,KRDBB1,DLA,충청남도,천안시 서북구
11R2,평택RDC,KH10273,KRDBB1,DLA,충청남도,천안시 서북구
11R2,평택RDC,KH10435,KRDBB1,DLA,충청남도,천안시 서북구
11R2,평택RDC,KH10767,KRDBB1,DLA,충청남도,천안시 서북구
11R2,평택RDC,KH10968,KRDBB1,DLA,충청남도,천안시 서북구
11R2,평택RDC,KP11333,KRDBB1,DLA,충청남도,천안시 서북구
11R2,평택RDC,KP12082,KRDBB1,DLA,충청남도,천안시 서북구
11R2,평택RDC,KP12597,KRDBB1,DLA,충청남도,천안시 서북구
11R2,평택RDC,KP12601,KRDBB1,DLA,충청남도,천안시 서북구
11R2,평택RDC,KP13013,KRDBB1,DLA,충청남도,천안시 서북구
11R2,평택RDC,KP13055,KRDBB1,DLA,충청남도,천안시 서북구
11R2,평택RDC,KP13442,KRDBB1,DLA,충청남도,천안시 서북구
11R2,평택RDC,KP13452,KRDBB1,DLA,충청남도,천안시 서북구
11R2,평택RDC,KP13469,KRDBB1,DLA,충청남도,천안시 서북구
11R2,평택RDC,KP13721,KRDBB1,DLA,충청남도,천안시 서북구
11R2,평택RDC,4691,KRDBD0,EFA,충청남도,태안군
11R2,평택RDC,6156,KRDBD0,EFA,충청남도,태안군
11R2,평택RDC,6756,KRDBD0,EFA,충청남도,태안군
11R2,평택RDC,9678,KRDBD0,EFA,충청남도,태안군
11R2,평택RDC,KH09073,KRDBD0,EFA,충청남도,태안군
11R2,평택RDC,KH09603,KRDBD0,EFA,충청남도,태안군
11R2,평택RDC,KH09703,KRDBD0,EFA,충청남도,태안군
11R2,평택RDC,KH09906,KRDBD0,EFA,충청남도,태안군
11R2,평택RDC,KP11224,KRDBD0,EFA,충청남도,태안군
11R2,평택RDC,KP11562,KRDBD0,EFA,충청남도,태안군
11R2,평택RDC,10561,KRDBE0,EAA,충청남도,홍성군
11R2,평택RDC,10637,KRDBE0,EAA,충청남도,홍성군
11R2,평택RDC,6432,KRDBE0,EAA,충청남도,홍성군
11R2,평택RDC,900,KRDBE0,EAA,충청남도,홍성군
11R2,평택RDC,901,KRDBE0,EAA,충청남도,홍성군
11R2,평택RDC,9964,KRDBE0,EAA,충청남도,홍성군
11R2,평택RDC,KH02111,KRDBE0,EAA,충청남도,홍성군
11R2,평택RDC,KH10956,KRDBE0,EAA,충청남도,홍성군
11R2,평택RDC,KH11018,KRDBE0,EAA,충청남도,홍성군
11R2,평택RDC,KP11216,KRDBE0,EAA,충청남도,홍성군
11R2,평택RDC,KP11556,KRDBE0,EAA,충청남도,홍성군
11R2,평택RDC,KP12410,KRDBE0,EAA,충청남도,홍성군
11R2,평택RDC,KP13315,KRDBE0,EAA,충청남도,홍성군
11R2,평택RDC,3020406,KRDA50,ELA,충청북도,음성군
11R2,평택RDC,7737,KRDA50,ELA,충청북도,음성군
11R2,평택RDC,853,KRDA50,ELA,충청북도,음성군
11R2,평택RDC,9121,KRDA50,ELA,충청북도,음성군
11R2,평택RDC,9638,KRDA50,ELA,충청북도,음성군
11R2,평택RDC,KH00752,KRDA50,ELA,충청북도,음성군
11R2,평택RDC,KH09639,KRDA50,ELA,충청북도,음성군
11R2,평택RDC,KH10747,KRDA50,ELA,충청북도,음성군
11R2,평택RDC,KH11051,KRDA50,ELA,충청북도,음성군
11R2,평택RDC,KP11064,KRDA50,ELA,충청북도,음성군
11R2,평택RDC,KP11706,KRDA50,ELA,충청북도,음성군
11R2,평택RDC,KP12202,KRDA50,ELA,충청북도,음성군
11R2,평택RDC,KP12984,KRDA50,ELA,충청북도,음성군
11R2,평택RDC,KP13671,KRDA50,ELA,충청북도,음성군
11R2,평택RDC,3019229,KRDA80,EJA,충청북도,진천군
11R2,평택RDC,7586,KRDA80,EJA,충청북도,진천군
11R2,평택RDC,835,KRDA80,EJA,충청북도,진천군
11R2,평택RDC,KH10434,KRDA80,EJA,충청북도,진천군
11R2,평택RDC,KP11058,KRDA80,EJA,충청북도,진천군
11R2,평택RDC,KP11478,KRDA80,EJA,충청북도,진천군
11R2,평택RDC,KP12721,KRDA80,EJA,충청북도,진천군
11R2,평택RDC,KP12915,KRDA80,EJA,충청북도,진천군
11R2,평택RDC,KP13024,KRDA80,EJA,충청북도,진천군
11R2,평택RDC,KP13208,KRDA80,EJA,충청북도,진천군
